"agent","mime_type","fecha_sent","hora_sent","mensajes_enviados","mensajes_leidos","mensajes_fallidos","mensajes_facturables"
bot,,"2026-07-01","00",480,208,50,375
bot,,"2026-07-01","01",288,139,0,212
bot,,"2026-07-01","02",176,86,0,117
bot,,"2026-07-01","03",137,43,2,123
bot,,"2026-07-01","04",117,34,0,102
bot,,"2026-07-01","05",106,40,1,83
bot,,"2026-07-01","06",59,34,0,38
bot,,"2026-07-01","07",43,29,0,27
bot,,"2026-07-01","08",41,25,0,18
bot,,"2026-07-01","09",18,10,0,9
bot,,"2026-07-01","10",37,35,0,7
bot,,"2026-07-01","11",96,90,55,10
bot,,"2026-07-01","12",78,62,1,25
bot,,"2026-07-01","13",1546,1485,1409,78
bot,,"2026-07-01","14",2806,2470,2262,478
bot,,"2026-07-01","15",674,525,441,181
bot,,"2026-07-01","16",2553,1577,732,1769
bot,,"2026-07-01","17",1173,794,528,576
bot,,"2026-07-01","18",45933,39711,25876,19690
bot,,"2026-07-01","19",80112,68914,44791,34625
bot,,"2026-07-01","20",17131,14644,9245,7741
bot,,"2026-07-01","21",39627,30093,19367,19917
bot,,"2026-07-01","22",71529,56276,40138,30886
bot,,"2026-07-01","23",34419,27368,18949,15143
bot,,"2026-07-02","00",8634,6815,5209,3263
bot,,"2026-07-02","01",269,135,0,166
bot,,"2026-07-02","02",822,652,345,431
bot,,"2026-07-02","03",113,43,0,91
bot,,"2026-07-02","04",152,93,48,81
bot,,"2026-07-02","05",56,21,2,45
bot,,"2026-07-02","06",46,11,0,41
bot,,"2026-07-02","07",45,26,0,21
bot,,"2026-07-02","08",23,20,0,6
bot,,"2026-07-02","09",23,14,0,11
bot,,"2026-07-02","10",25,22,0,4
bot,,"2026-07-02","11",453,439,417,16
bot,,"2026-07-02","12",1885,1855,1800,31
bot,,"2026-07-02","13",114,48,0,77
bot,,"2026-07-02","14",555,230,0,507
bot,,"2026-07-02","15",679,570,448,171
bot,,"2026-07-02","16",19203,15776,9614,9465
bot,,"2026-07-02","17",67623,59517,37612,29668
bot,,"2026-07-02","18",21627,20075,13916,7498
bot,,"2026-07-02","19",19778,13749,8975,10612
bot,,"2026-07-02","20",50573,42289,27965,22094
bot,,"2026-07-02","21",27492,22360,15564,11584
bot,,"2026-07-02","22",59975,50179,32388,27224
bot,,"2026-07-02","23",40952,33466,20467,20181
bot,,"2026-07-03","00",22367,18616,11740,10473
bot,,"2026-07-03","01",388,232,76,261
bot,,"2026-07-03","02",201,60,0,180
bot,,"2026-07-03","03",152,51,0,121
bot,,"2026-07-03","04",141,46,3,109
bot,,"2026-07-03","05",98,44,0,75
bot,,"2026-07-03","06",67,33,0,41
bot,,"2026-07-03","07",51,38,0,15
bot,,"2026-07-03","08",42,33,0,10
bot,,"2026-07-03","09",27,22,0,5
bot,,"2026-07-03","10",128,118,78,17
bot,,"2026-07-03","11",43,33,0,17
bot,,"2026-07-03","12",94,68,0,37
bot,,"2026-07-03","13",906,854,774,76
bot,,"2026-07-03","14",1952,837,211,1693
bot,,"2026-07-03","15",10034,7395,4986,4971
bot,,"2026-07-03","16",506,196,1,420
bot,,"2026-07-03","17",2700,713,81,2568
bot,,"2026-07-03","18",26541,23313,15473,10923
bot,,"2026-07-03","19",20785,17051,10739,9893
bot,,"2026-07-03","20",116107,99565,62612,52943
bot,,"2026-07-03","21",25503,19805,12888,12390
bot,,"2026-07-03","22",19866,15415,10111,9536
bot,,"2026-07-03","23",15155,12329,8503,6486
bot,,"2026-07-04","00",7700,6393,4869,2750
bot,,"2026-07-04","01",233,98,0,200
bot,,"2026-07-04","02",585,353,200,352
bot,,"2026-07-04","03",111,47,0,85
bot,,"2026-07-04","04",90,56,0,49
bot,,"2026-07-04","05",55,25,0,41
bot,,"2026-07-04","06",27,12,0,21
bot,,"2026-07-04","07",26,10,0,18
bot,,"2026-07-04","08",210,202,0,8
bot,,"2026-07-04","09",20,13,0,9
bot,,"2026-07-04","10",34,31,0,3
bot,,"2026-07-04","11",1954,1949,1927,5
bot,,"2026-07-04","12",1560,1551,1518,16
bot,,"2026-07-04","13",3109,3072,2974,56
bot,,"2026-07-04","14",2375,1933,1559,752
bot,,"2026-07-04","15",48582,41642,33696,14599
bot,,"2026-07-04","16",111677,95604,62931,48230
bot,,"2026-07-04","17",34866,29272,20070,14434
bot,,"2026-07-04","18",38313,32090,22737,15294
bot,,"2026-07-04","19",22961,19429,13559,9173
bot,,"2026-07-04","20",25222,19309,11806,13218
bot,,"2026-07-04","21",17799,14716,10034,7618
bot,,"2026-07-04","22",17851,14820,10009,7597
bot,,"2026-07-04","23",22668,19015,13435,9066
bot,,"2026-07-05","00",11462,9562,6747,4605
bot,,"2026-07-05","01",110,57,0,70
bot,,"2026-07-05","02",56,31,0,37
bot,,"2026-07-05","03",61,30,0,45
bot,,"2026-07-05","04",50,20,0,34
bot,,"2026-07-05","05",59,35,0,34
bot,,"2026-07-05","06",72,55,0,22
bot,,"2026-07-05","07",22,20,0,3
bot,,"2026-07-05","08",9,6,0,3
bot,,"2026-07-05","09",6,5,0,1
bot,,"2026-07-05","10",9,6,0,3
bot,,"2026-07-05","11",16,15,0,2
bot,,"2026-07-05","12",26,17,0,9
bot,,"2026-07-05","13",53,38,0,19
bot,,"2026-07-05","14",114,77,0,55
bot,,"2026-07-05","15",119,59,22,65
bot,,"2026-07-05","16",131,46,0,107
bot,,"2026-07-05","17",162,77,0,114
bot,,"2026-07-05","18",2574,596,8,2534
bot,,"2026-07-05","19",239,100,0,167
bot,,"2026-07-05","20",1239,785,395,826
bot,,"2026-07-05","21",333,141,1,258
bot,,"2026-07-05","22",7182,4606,1840,5247
bot,,"2026-07-05","23",103,59,0,53
bot,,"2026-07-06","00",78,47,0,41
bot,,"2026-07-06","01",74,42,0,37
bot,,"2026-07-06","02",55,35,0,23
bot,,"2026-07-06","03",35,6,0,32
bot,,"2026-07-06","04",82,42,0,53
bot,,"2026-07-06","05",31,11,0,24
bot,,"2026-07-06","06",37,21,0,20
bot,,"2026-07-06","07",7,6,0,4
bot,,"2026-07-06","08",18,13,0,7
bot,,"2026-07-06","09",19,17,0,2
bot,,"2026-07-06","10",55,52,38,3
bot,,"2026-07-06","11",401,396,374,6
bot,,"2026-07-06","12",45,35,0,12
bot,,"2026-07-06","13",130,95,0,48
bot,,"2026-07-06","14",487,233,0,420
bot,,"2026-07-06","15",2475,2193,1609,817
bot,,"2026-07-06","16",13738,10859,6042,7568
bot,,"2026-07-06","17",1674,1200,947,634
bot,,"2026-07-06","18",468,145,0,388
bot,,"2026-07-06","19",22200,17218,11338,10656
bot,,"2026-07-06","20",31490,27689,17098,14266
bot,,"2026-07-06","21",59887,52283,31506,28114
bot,,"2026-07-06","22",30042,25742,15455,14360
bot,,"2026-07-06","23",6927,5431,3260,3533
bot,,"2026-07-07","00",6817,5383,3382,3337
bot,,"2026-07-07","01",201,81,0,154
bot,,"2026-07-07","02",117,39,2,91
bot,,"2026-07-07","03",73,29,0,59
bot,,"2026-07-07","04",48,13,0,44
bot,,"2026-07-07","05",60,27,0,40
bot,,"2026-07-07","06",65,24,0,47
bot,,"2026-07-07","07",28,13,0,17
bot,,"2026-07-07","08",15,11,0,7
bot,,"2026-07-07","09",16,13,0,8
bot,,"2026-07-07","10",29,25,0,4
bot,,"2026-07-07","11",52,47,34,7
bot,,"2026-07-07","12",80,68,27,15
bot,,"2026-07-07","13",169,118,5,61
bot,,"2026-07-07","14",213,108,0,154
bot,,"2026-07-07","15",321,141,0,269
bot,,"2026-07-07","16",2386,1680,744,1544
bot,,"2026-07-07","17",5554,4400,3464,2000
bot,,"2026-07-07","18",15275,13019,9750,5384
bot,,"2026-07-07","19",8488,7379,5405,2966
bot,,"2026-07-07","20",1053,604,120,858
bot,,"2026-07-07","21",22612,18896,12559,9893
bot,,"2026-07-07","22",47757,38905,25314,21629
bot,,"2026-07-07","23",32551,26821,17567,14698
bot,,"2026-07-08","00",83612,68794,51002,32082
bot,,"2026-07-08","01",21831,19307,15698,5525
bot,,"2026-07-08","02",222,84,1,163
bot,,"2026-07-08","03",125,34,1,105
bot,,"2026-07-08","04",73,38,2,54
bot,,"2026-07-08","05",60,27,0,40
bot,,"2026-07-08","06",37,17,0,26
bot,,"2026-07-08","07",33,23,0,11
bot,,"2026-07-08","08",19,13,1,11
bot,,"2026-07-08","09",15,15,4,1
bot,,"2026-07-08","10",57,54,47,5
bot,,"2026-07-08","11",739,733,701,8
bot,,"2026-07-08","12",4241,4225,4177,17
bot,,"2026-07-08","13",1840,1815,1762,42
bot,,"2026-07-08","14",1439,1098,820,577
bot,,"2026-07-08","15",1773,1314,671,1061
bot,,"2026-07-08","16",20501,17199,10066,10299
bot,,"2026-07-08","17",131879,115315,66197,65076
bot,,"2026-07-08","18",63220,55453,31741,31165
bot,,"2026-07-08","19",36392,31455,19507,16697
bot,,"2026-07-08","20",5623,5320,5145,403
bot,,"2026-07-08","21",2642,1408,514,2060
bot,,"2026-07-08","22",566,197,26,471
bot,,"2026-07-08","23",2495,2024,1443,1012
bot,,"2026-07-09","00",41702,32861,23042,18400
bot,,"2026-07-09","01",43127,35350,25256,17488
bot,,"2026-07-09","02",376,131,2,326
bot,,"2026-07-09","03",343,108,0,295
bot,,"2026-07-09","04",163,47,0,157
bot,,"2026-07-09","05",97,27,0,88
bot,,"2026-07-09","06",64,25,0,54
bot,,"2026-07-09","07",43,15,0,40
bot,,"2026-07-09","08",38,25,0,14
bot,,"2026-07-09","09",22,15,0,7
bot,,"2026-07-09","10",7,4,0,3
bot,,"2026-07-09","11",69,55,47,15
bot,,"2026-07-09","12",56,34,3,24
bot,,"2026-07-09","13",150,91,38,70
bot,,"2026-07-09","14",11702,11619,11552,124
bot,,"2026-07-09","15",19470,17656,15280,4086
bot,,"2026-07-09","16",71837,59289,43920,27472
bot,,"2026-07-09","17",5424,4610,3997,1363
bot,,"2026-07-09","18",4788,4342,4062,637
bot,,"2026-07-09","19",63322,53454,28578,34029
bot,,"2026-07-09","20",59046,49268,24004,34344
bot,,"2026-07-09","21",19576,15605,9745,9644
bot,,"2026-07-09","22",26284,19971,9293,16691
bot,,"2026-07-09","23",21039,18269,11715,9090
bot,,"2026-07-10","00",65765,50833,32204,33090
bot,,"2026-07-10","01",784,245,4,708
bot,,"2026-07-10","02",234,81,0,193
bot,,"2026-07-10","03",180,81,0,124
bot,,"2026-07-10","04",154,83,0,90
bot,,"2026-07-10","05",52,29,0,30
bot,,"2026-07-10","06",61,40,0,31
bot,,"2026-07-10","07",23,11,0,16
bot,,"2026-07-10","08",30,21,0,12
bot,,"2026-07-10","09",18,13,0,5
bot,,"2026-07-10","10",12,5,0,8
bot,,"2026-07-10","11",5644,5628,5609,18
bot,,"2026-07-10","12",6598,6584,6545,18
bot,,"2026-07-10","13",1116,1036,987,92
bot,,"2026-07-10","14",6729,6388,6171,520
bot,,"2026-07-10","15",16314,16150,16000,228
bot,,"2026-07-10","16",43659,34529,19291,23911
bot,,"2026-07-10","17",24961,21721,10888,13652
bot,,"2026-07-10","18",6955,4624,1938,4914
bot,,"2026-07-10","19",40236,31219,12833,24463
bot,,"2026-07-10","20",75280,63982,20447,42566
bot,,"2026-07-10","21",4627,4263,3635,906
bot,,"2026-07-10","22",335,119,0,290
bot,,"2026-07-10","23",790,468,191,567
bot,,"2026-07-11","00",3390,2880,1607,1739
bot,,"2026-07-11","01",5941,4669,1821,3951
bot,,"2026-07-11","02",9438,7870,3678,5581
bot,,"2026-07-11","03",238,67,0,220
bot,,"2026-07-11","04",111,26,0,104
bot,,"2026-07-11","05",90,36,0,67
bot,,"2026-07-11","06",76,13,0,73
bot,,"2026-07-11","07",54,30,0,33
bot,,"2026-07-11","08",32,28,0,7
bot,,"2026-07-11","09",18,16,0,3
bot,,"2026-07-11","10",14,10,0,5
bot,,"2026-07-11","11",43,35,0,13
bot,,"2026-07-11","12",790,776,737,24
bot,,"2026-07-11","13",12277,12209,12162,89
bot,,"2026-07-11","14",8087,7505,7213,840
bot,,"2026-07-11","15",72850,62082,47390,24997
bot,,"2026-07-11","16",4430,3876,3625,768
bot,,"2026-07-11","17",5182,3588,1339,3767
bot,,"2026-07-11","18",57986,48790,24231,33171
bot,,"2026-07-11","19",46197,35948,17353,28438
bot,,"2026-07-11","20",42251,31291,13550,28323
bot,,"2026-07-11","21",30114,21029,7815,21978
bot,,"2026-07-11","22",482,92,1,406
bot,,"2026-07-11","23",238,55,0,205
bot,,"2026-07-12","00",657,187,1,618
bot,,"2026-07-12","01",110,46,0,74
bot,,"2026-07-12","02",641,181,1,603
bot,,"2026-07-12","03",155,77,0,91
bot,,"2026-07-12","04",78,38,0,51
bot,,"2026-07-12","05",99,52,0,64
bot,,"2026-07-12","06",82,42,0,44
bot,,"2026-07-12","07",23,12,0,17
bot,,"2026-07-12","08",13,8,0,6
bot,,"2026-07-12","09",14,9,0,6
bot,,"2026-07-12","10",366,365,349,1
bot,,"2026-07-12","11",20,10,0,10
bot,,"2026-07-12","12",1438,1435,1411,5
bot,,"2026-07-12","13",7149,7141,7108,11
bot,,"2026-07-12","14",19926,19888,19833,64
bot,,"2026-07-12","15",1646,1334,670,906
bot,,"2026-07-12","16",155,75,0,104
bot,,"2026-07-12","17",6184,5335,2552,3508
bot,,"2026-07-12","18",37216,31580,14012,22810
bot,,"2026-07-12","19",83607,73304,35956,46803
bot,,"2026-07-12","20",7485,4515,1838,5496
bot,,"2026-07-12","21",305,94,2,261
bot,,"2026-07-12","22",190,95,1,115
bot,,"2026-07-12","23",75,47,0,41
bot,,"2026-07-13","00",67,53,0,22
bot,,"2026-07-13","01",486,100,0,460
bot,,"2026-07-13","02",3044,588,13,3007
bot,,"2026-07-13","03",598,144,2,567
bot,,"2026-07-13","04",146,43,0,134
bot,,"2026-07-13","05",70,30,0,48
bot,,"2026-07-13","06",2019,470,7,2002
bot,,"2026-07-13","07",67,22,0,49
bot,,"2026-07-13","08",30,18,0,13
bot,,"2026-07-13","09",482,482,470,1
bot,,"2026-07-13","10",139,132,125,8
bot,,"2026-07-13","11",27,12,0,18
bot,,"2026-07-13","12",2013,1985,1956,31
bot,,"2026-07-13","13",98,56,0,49
bot,,"2026-07-13","14",4921,4331,3092,1762
bot,,"2026-07-13","15",3646,3149,2677,908
bot,,"2026-07-13","16",2615,2413,2271,259
bot,,"2026-07-13","17",17736,12750,5562,11973
bot,,"2026-07-13","18",2684,2185,1932,694
bot,,"2026-07-13","19",19022,13599,5624,13142
bot,,"2026-07-13","20",15176,13864,10150,4837
bot,,"2026-07-13","21",20471,16381,10159,10134
bot,,"2026-07-13","22",11756,8041,2928,8690
bot,,"2026-07-13","23",16554,11624,4248,12115
bot,,"2026-07-14","00",7429,5281,2038,5296
bot,,"2026-07-14","01",53206,41376,27178,25688
bot,,"2026-07-14","02",18611,16530,13731,4754
bot,,"2026-07-14","03",160,53,0,135
bot,,"2026-07-14","04",88,25,0,78
bot,,"2026-07-14","05",70,21,0,66
bot,,"2026-07-14","06",42,10,1,39
bot,,"2026-07-14","07",26,11,0,24
bot,,"2026-07-14","08",27,14,0,16
bot,,"2026-07-14","09",8,4,0,5
bot,,"2026-07-14","10",19,12,3,8
bot,,"2026-07-14","11",313,312,278,1
bot,,"2026-07-14","12",1140,1114,1088,32
bot,,"2026-07-14","13",1701,1643,1577,62
bot,,"2026-07-14","14",590,249,46,519
bot,,"2026-07-14","15",1102,448,156,893
bot,,"2026-07-14","16",92261,77124,57369,34321
bot,,"2026-07-14","17",15929,12572,7022,8680
bot,,"2026-07-14","18",14580,11474,6958,7431
bot,,"2026-07-14","19",11610,10997,10724,843
bot,,"2026-07-14","20",14975,13714,12712,2187
bot,,"2026-07-14","21",421,169,0,365
bot,,"2026-07-14","22",454,161,5,399
bot,,"2026-07-14","23",17180,12568,7524,9491
bot,,"2026-07-15","00",83565,69600,50619,32427
bot,,"2026-07-15","01",26404,22983,13968,12068
bot,,"2026-07-15","02",361,113,1,306
bot,,"2026-07-15","03",1223,312,3,1163
bot,,"2026-07-15","04",134,54,0,116
bot,,"2026-07-15","05",86,17,0,80
bot,,"2026-07-15","06",55,9,0,50
bot,,"2026-07-15","07",42,21,0,35
bot,,"2026-07-15","08",16,2,0,15
bot,,"2026-07-15","09",16,8,0,14
bot,,"2026-07-15","10",298,297,289,1
bot,,"2026-07-15","11",4156,4148,4125,11
bot,,"2026-07-15","12",5672,5648,5611,29
bot,,"2026-07-15","13",21139,21047,21006,115
bot,,"2026-07-15","14",2018,1870,1789,193
bot,,"2026-07-15","15",8003,6675,5397,2517
bot,,"2026-07-15","16",34155,29552,21167,12774
bot,,"2026-07-15","17",32287,29308,18157,13625
bot,,"2026-07-15","18",95691,84292,50435,44205
bot,,"2026-07-15","19",32980,27466,17878,14849
bot,,"2026-07-15","20",25229,20862,12784,12204
bot,,"2026-07-15","21",51774,44424,28207,23095
bot,,"2026-07-15","22",50439,42883,27813,22288
bot,,"2026-07-15","23",90165,62722,33934,55761
bot,,"2026-07-16","00",27552,20312,12169,15145
bot,,"2026-07-16","01",552,218,2,432
bot,,"2026-07-16","02",1154,635,223,874
bot,,"2026-07-16","03",168,70,2,133
bot,,"2026-07-16","04",113,34,0,100
bot,,"2026-07-16","05",84,45,0,56
bot,,"2026-07-16","06",59,15,0,51
bot,,"2026-07-16","07",47,18,0,32
bot,,"2026-07-16","08",24,14,0,12
bot,,"2026-07-16","09",23,19,0,3
bot,,"2026-07-16","10",205,201,196,8
bot,,"2026-07-16","11",112,98,77,17
bot,,"2026-07-16","12",3776,3755,3718,27
bot,,"2026-07-16","13",230,171,76,83
bot,,"2026-07-16","14",2090,1961,1872,154
bot,,"2026-07-16","15",3245,2661,2042,1158
bot,,"2026-07-16","16",9384,7811,6975,2358
bot,,"2026-07-16","17",24222,21920,14511,9381
bot,,"2026-07-16","18",8764,6695,4739,3911
bot,,"2026-07-16","19",16472,13483,8799,7506
bot,,"2026-07-16","20",9187,7610,5504,3497
bot,,"2026-07-16","21",28338,25017,13396,14653
bot,,"2026-07-16","22",33670,29489,15485,17816
bot,,"2026-07-16","23",9870,6637,2224,7530
bot,,"2026-07-17","00",5211,4055,1632,3505
bot,,"2026-07-17","01",13079,11319,5095,7817
bot,,"2026-07-17","02",5294,4621,3615,1646
bot,,"2026-07-17","03",158,66,0,108
bot,,"2026-07-17","04",99,32,0,77
bot,,"2026-07-17","05",75,25,0,54
bot,,"2026-07-17","06",47,7,0,45
bot,,"2026-07-17","07",31,11,0,23
bot,,"2026-07-17","08",30,19,0,16
bot,,"2026-07-17","09",360,357,333,5
bot,,"2026-07-17","10",623,616,582,7
bot,,"2026-07-17","11",14,2,0,13
bot,,"2026-07-17","12",754,742,695,14
bot,,"2026-07-17","13",7678,7634,7555,77
bot,,"2026-07-17","14",4809,4640,4540,233
bot,,"2026-07-17","15",2677,2122,1427,1192
bot,,"2026-07-17","16",3227,2376,1973,1198
bot,,"2026-07-17","17",7417,6209,3843,3457
bot,,"2026-07-17","18",37783,30253,13773,23448
bot,,"2026-07-17","19",40128,25796,10130,29431
bot,,"2026-07-17","20",8858,5491,1972,6774
bot,,"2026-07-17","21",27457,15009,4739,22556
bot,,"2026-07-17","22",29136,16618,5670,23086
bot,,"2026-07-17","23",9726,6895,3002,6636
bot,,"2026-07-18","00",10332,7097,2952,7273
bot,,"2026-07-18","01",792,261,0,740
bot,,"2026-07-18","02",229,128,38,169
bot,,"2026-07-18","03",104,51,0,75
bot,,"2026-07-18","04",65,25,0,55
bot,,"2026-07-18","05",61,23,0,51
bot,,"2026-07-18","06",26,13,0,14
bot,,"2026-07-18","07",29,15,0,19
bot,,"2026-07-18","08",14,7,0,7
bot,,"2026-07-18","09",24,21,0,3
bot,,"2026-07-18","10",283,277,265,7
bot,,"2026-07-18","11",174,162,155,13
bot,,"2026-07-18","12",18,14,0,8
bot,,"2026-07-18","13",2895,2827,2729,134
bot,,"2026-07-18","14",1135,766,512,581
bot,,"2026-07-18","15",1582,1173,515,1031
bot,,"2026-07-18","16",1715,1067,315,1331
bot,,"2026-07-18","17",298,110,2,269
bot,,"2026-07-18","18",8156,7423,5500,2569
bot,,"2026-07-18","19",45721,17176,3901,41510
bot,,"2026-07-18","20",1119,385,81,981
bot,,"2026-07-18","21",176,70,0,146
bot,,"2026-07-18","22",121,52,1,83
bot,,"2026-07-18","23",7532,6059,2557,4849
bot,,"2026-07-19","00",199,38,0,188
bot,,"2026-07-19","01",535,165,6,503
bot,,"2026-07-19","02",92,37,0,70
bot,,"2026-07-19","03",71,27,0,51
bot,,"2026-07-19","04",28,8,0,26
bot,,"2026-07-19","05",39,26,0,20
bot,,"2026-07-19","06",50,32,0,21
bot,,"2026-07-19","07",7,2,0,6
bot,,"2026-07-19","08",10,7,0,5
bot,,"2026-07-19","09",7,3,0,4
bot,,"2026-07-19","10",11,10,0,2
bot,,"2026-07-19","11",32,28,0,4
bot,,"2026-07-19","12",37,33,0,6
bot,,"2026-07-19","13",61,44,16,18
bot,,"2026-07-19","14",102,67,0,54
bot,,"2026-07-19","15",132,69,0,79
bot,,"2026-07-19","16",56480,49514,40709,15512
bot,,"2026-07-19","17",30683,24415,16662,13802
bot,,"2026-07-19","18",617,484,340,211
bot,,"2026-07-19","19",123,73,0,65
bot,,"2026-07-19","20",142,66,0,91
bot,,"2026-07-19","21",69,30,0,48
bot,,"2026-07-19","22",33916,23569,11358,22362
bot,,"2026-07-19","23",54392,35194,16335,37662
bot,,"2026-07-20","00",203,77,1,148
bot,,"2026-07-20","01",704,218,4,633
bot,,"2026-07-20","02",103,73,0,42
bot,,"2026-07-20","03",196,72,1,160
bot,,"2026-07-20","04",64,19,0,51
bot,,"2026-07-20","05",700,200,4,691
bot,,"2026-07-20","06",44,31,0,19
bot,,"2026-07-20","07",6,2,0,5
bot,,"2026-07-20","08",34,31,0,5
bot,,"2026-07-20","09",24,22,0,3
bot,,"2026-07-20","10",18,16,0,2
bot,,"2026-07-20","11",421,418,380,4
bot,,"2026-07-20","12",2412,2404,2393,8
bot,,"2026-07-20","13",4047,4000,3969,50
bot,,"2026-07-20","14",2732,2668,2602,84
bot,,"2026-07-20","15",4808,4680,4610,150
bot,,"2026-07-20","16",3853,3061,2054,1729
bot,,"2026-07-20","17",19098,11772,4614,14275
bot,,"2026-07-20","18",46258,32503,15943,29979
bot,,"2026-07-20","19",39791,27856,15681,23878
bot,,"2026-07-20","20",29143,22178,9576,19043
bot,,"2026-07-20","21",80091,60191,27825,51620
bot,,"2026-07-20","22",10908,3545,38,10837
bot,,"2026-07-20","23",53553,31639,11176,41860
bot,,"2026-07-21","00",32032,27694,13676,17602
bot,,"2026-07-21","01",197,92,0,140
bot,,"2026-07-21","02",170,74,2,124
bot,,"2026-07-21","03",140,45,0,118
bot,,"2026-07-21","04",68,25,0,53
bot,,"2026-07-21","05",41,24,0,26
bot,,"2026-07-21","06",47,15,0,41
bot,,"2026-07-21","07",31,18,0,16
bot,,"2026-07-21","08",22,19,0,3
bot,,"2026-07-21","09",21,14,0,8
bot,,"2026-07-21","10",408,406,400,3
bot,,"2026-07-21","11",28,22,0,6
bot,,"2026-07-21","12",259,249,218,15
bot,,"2026-07-21","13",3269,3220,3133,51
bot,,"2026-07-21","14",9706,9381,9211,441
bot,,"2026-07-21","15",2819,2228,1275,1489
bot,,"2026-07-21","16",2619,1597,1147,1397
bot,,"2026-07-21","17",1065,713,245,739
bot,,"2026-07-21","18",20888,15705,9391,11205
bot,,"2026-07-21","19",68742,56565,43826,24400
bot,,"2026-07-21","20",19556,17039,10008,9405
bot,,"2026-07-21","21",38116,33422,19851,18083
bot,,"2026-07-21","22",472,244,47,361
bot,,"2026-07-21","23",598,374,192,355
bot,,"2026-07-22","00",7354,4565,1867,5386
bot,,"2026-07-22","01",198,82,0,164
bot,,"2026-07-22","02",150,65,0,119
bot,,"2026-07-22","03",125,61,0,83
bot,,"2026-07-22","04",78,48,0,44
bot,,"2026-07-22","05",32,14,0,24
bot,,"2026-07-22","06",44,30,0,18
bot,,"2026-07-22","07",15,5,0,10
bot,,"2026-07-22","08",22,20,0,11
bot,,"2026-07-22","09",26,22,1,5
bot,,"2026-07-22","10",327,322,308,7
bot,,"2026-07-22","11",266,256,204,11
bot,,"2026-07-22","12",1195,1185,1153,14
bot,,"2026-07-22","13",624,599,534,48
bot,,"2026-07-22","14",2350,2018,1756,546
bot,,"2026-07-22","15",3685,3099,2313,1280
bot,,"2026-07-22","16",30899,24209,16883,13725
bot,,"2026-07-22","17",6193,4126,1983,4115
bot,,"2026-07-22","18",3571,2994,1733,1766
bot,,"2026-07-22","19",18620,13996,7007,11416
bot,,"2026-07-22","20",15762,11339,4619,10827
bot,,"2026-07-22","21",106632,91986,60665,45436
bot,,"2026-07-22","22",107383,91739,60125,46644
bot,,"2026-07-22","23",1558,883,452,1045
bot,,"2026-07-23","00",34980,23901,12379,22242
bot,,"2026-07-23","01",281,94,1,224
bot,,"2026-07-23","02",646,196,1,610
bot,,"2026-07-23","03",108,39,1,92
bot,,"2026-07-23","04",109,36,0,93
bot,,"2026-07-23","05",56,20,0,45
bot,,"2026-07-23","06",49,29,0,21
bot,,"2026-07-23","07",62,54,0,12
bot,,"2026-07-23","08",43,38,0,9
bot,,"2026-07-23","09",9,7,0,3
bot,,"2026-07-23","10",381,373,340,9
bot,,"2026-07-23","11",176,169,144,7
bot,,"2026-07-23","12",4350,4342,4330,10
bot,,"2026-07-23","13",2284,2252,2173,49
bot,,"2026-07-23","14",831,471,265,537
bot,,"2026-07-23","15",1744,1239,544,1131
bot,,"2026-07-23","16",3443,2335,1144,2214
bot,,"2026-07-23","17",137479,123057,70737,66050
bot,,"2026-07-23","18",70258,61876,39282,30702
bot,,"2026-07-23","19",11346,8792,4863,6360
bot,,"2026-07-23","20",3486,966,120,3293
bot,,"2026-07-23","21",90562,73126,55923,34029
bot,,"2026-07-23","22",14119,10415,5960,7898
bot,,"2026-07-23","23",33909,30136,20278,13241
bot,,"2026-07-24","00",12248,8781,4548,7562
bot,,"2026-07-24","01",3344,2851,1684,1581
bot,,"2026-07-24","02",172,82,0,124
bot,,"2026-07-24","03",63,24,0,54
bot,,"2026-07-24","04",70,27,0,60
bot,,"2026-07-24","05",39,13,0,32
bot,,"2026-07-24","06",38,17,0,31
bot,,"2026-07-24","07",23,13,0,14
bot,,"2026-07-24","08",27,18,0,10
bot,,"2026-07-24","09",26,21,0,6
bot,,"2026-07-24","10",1420,1415,1401,5
bot,,"2026-07-24","11",10630,10616,10596,18
bot,,"2026-07-24","12",45,23,0,23
bot,,"2026-07-24","13",1155,1104,1057,62
bot,,"2026-07-24","14",9474,9197,9011,412
bot,,"2026-07-24","15",17323,14368,11894,5309
bot,,"2026-07-24","16",80279,64646,47819,31987
bot,,"2026-07-24","17",6669,5949,5202,1392
bot,,"2026-07-24","18",22991,19291,11475,11304
bot,,"2026-07-24","19",102550,81956,49908,51798
bot,,"2026-07-24","20",141181,118798,61186,79202
bot,,"2026-07-24","21",10680,9321,5794,4751
bot,,"2026-07-24","22",23103,17036,6736,16043
bot,,"2026-07-24","23",9095,4780,1760,7219
bot,,"2026-07-25","00",22141,16228,6826,14962
bot,,"2026-07-25","01",370,234,102,238
bot,,"2026-07-25","02",3247,2848,1692,1498
bot,,"2026-07-25","03",78,46,0,42
bot,,"2026-07-25","04",77,33,0,53
bot,,"2026-07-25","05",35,22,0,18
bot,,"2026-07-25","06",46,30,0,29
bot,,"2026-07-25","07",26,17,0,13
bot,,"2026-07-25","08",39,32,0,8
bot,,"2026-07-25","09",40,29,0,13
bot,,"2026-07-25","10",49,46,41,4
bot,,"2026-07-25","11",27,21,0,8
bot,,"2026-07-25","12",31,19,0,14
bot,,"2026-07-25","13",5221,4269,3815,1363
bot,,"2026-07-25","14",1735,1386,1136,573
bot,,"2026-07-25","15",44622,36556,27386,16891
bot,,"2026-07-25","16",73153,60299,40042,32470
bot,,"2026-07-25","17",3201,2690,2209,945
bot,,"2026-07-25","18",123939,111186,74252,48978
bot,,"2026-07-25","19",34458,30352,19882,14391
bot,,"2026-07-25","20",16254,10796,4921,11175
bot,,"2026-07-25","21",399,233,78,268
bot,,"2026-07-25","22",1131,761,357,729
bot,,"2026-07-25","23",117,67,0,68
bot,,"2026-07-26","00",350,103,2,314
bot,,"2026-07-26","01",111,75,1,50
bot,,"2026-07-26","02",102,39,0,76
bot,,"2026-07-26","03",56,20,0,47
bot,,"2026-07-26","04",70,39,0,59
bot,,"2026-07-26","05",37,14,0,28
bot,,"2026-07-26","06",30,21,0,18
bot,,"2026-07-26","07",11,7,0,4
bot,,"2026-07-26","08",10,7,0,3
bot,,"2026-07-26","09",8,8,0,0
bot,,"2026-07-26","10",17,11,0,8
bot,,"2026-07-26","11",18,17,0,4
bot,,"2026-07-26","12",3684,3674,3653,14
bot,,"2026-07-26","13",49,27,0,26
bot,,"2026-07-26","14",1068,1028,965,48
bot,,"2026-07-26","15",457,406,355,64
bot,,"2026-07-26","16",144,76,0,90
bot,,"2026-07-26","17",113167,98767,54846,57932
bot,,"2026-07-26","18",149,88,0,83
bot,,"2026-07-26","19",101738,89507,56880,44558
bot,,"2026-07-26","20",34609,28658,17636,16770
bot,,"2026-07-26","21",151,80,0,100
bot,,"2026-07-26","22",99,32,0,72
bot,,"2026-07-26","23",80,59,0,31
bot,,"2026-07-27","00",198,57,1,170
bot,,"2026-07-27","01",123,68,0,74
bot,,"2026-07-27","02",317,108,1,269
bot,,"2026-07-27","03",69,30,0,53
bot,,"2026-07-27","04",35,7,0,31
bot,,"2026-07-27","05",30,13,0,21
bot,,"2026-07-27","06",20,9,0,14
bot,,"2026-07-27","07",20,17,0,5
bot,,"2026-07-27","08",20,14,0,8
bot,,"2026-07-27","09",52,50,0,4
bot,,"2026-07-27","10",486,483,429,6
bot,,"2026-07-27","11",47,39,0,9
bot,,"2026-07-27","12",526,510,383,18
bot,,"2026-07-27","13",3743,3688,3605,73
bot,,"2026-07-27","14",3716,3450,3217,427
bot,,"2026-07-27","15",3281,2588,1567,1636
bot,,"2026-07-27","16",5321,4019,3474,1747
bot,,"2026-07-27","17",13985,11896,7915,5917
bot,,"2026-07-27","18",62861,53662,31263,31135
bot,,"2026-07-27","19",35565,27454,14524,20657
bot,,"2026-07-27","20",13793,9078,3849,9750
bot,,"2026-07-27","21",45170,36883,19051,25717
bot,,"2026-07-27","22",91653,80813,54469,36797
bot,,"2026-07-27","23",70739,60195,38992,31265
bot,,"2026-07-28","00",22322,15280,6603,15396
bot,,"2026-07-28","01",1109,536,301,730
bot,,"2026-07-28","02",2533,2064,993,1459
bot,,"2026-07-28","03",102,50,0,62
bot,,"2026-07-28","04",87,51,0,41
bot,,"2026-07-28","05",59,42,0,33
bot,,"2026-07-28","06",66,31,0,36
bot,,"2026-07-28","07",41,30,0,15
bot,,"2026-07-28","08",31,29,0,4
bot,,"2026-07-28","09",22,20,0,3
bot,,"2026-07-28","10",42,40,0,2
bot,,"2026-07-28","11",585,580,557,5
bot,,"2026-07-28","12",1149,1138,1111,13
bot,,"2026-07-28","13",4562,4525,4469,41
bot,,"2026-07-28","14",568,472,199,131
bot,,"2026-07-28","15",4561,4258,4035,476
bot,,"2026-07-28","16",11518,9039,5457,5971
bot,,"2026-07-28","17",37294,32431,21926,15211
bot,,"2026-07-28","18",144756,127951,85117,58939
bot,,"2026-07-28","19",126978,103611,64952,60973
bot,,"2026-07-28","20",67818,59182,36487,30886
bot,,"2026-07-28","21",19005,13861,6390,12388
bot,,"2026-07-28","22",25551,18502,8276,16988
bot,,"2026-07-28","23",24378,18718,8475,15558
bot,,"2026-07-29","00",13405,7353,4067,9239
bot,,"2026-07-29","01",5218,4398,2603,2554
bot,,"2026-07-29","02",212,110,0,141
bot,,"2026-07-29","03",106,43,0,73
bot,,"2026-07-29","04",101,54,0,61
bot,,"2026-07-29","05",68,34,0,44
bot,,"2026-07-29","06",31,9,0,27
bot,,"2026-07-29","07",34,27,0,11
bot,,"2026-07-29","08",11,9,0,4
bot,,"2026-07-29","09",31,26,0,5
bot,,"2026-07-29","10",1005,1001,978,7
bot,,"2026-07-29","11",16375,16362,16326,16
bot,,"2026-07-29","12",1798,1785,1763,14
bot,,"2026-07-29","13",3369,3332,3272,42
bot,,"2026-07-29","14",4418,4080,3838,516
bot,,"2026-07-29","15",12296,10417,8062,4119
bot,,"2026-07-29","16",123024,101308,77093,45120
bot,,"2026-07-29","17",19015,14760,7799,10964
bot,,"2026-07-29","18",39434,32347,20198,18966
bot,,"2026-07-29","19",72686,60450,37357,34963
bot,,"2026-07-29","20",68365,59321,35747,32247
bot,,"2026-07-29","21",120846,106019,66765,53701
bot,,"2026-07-29","22",26824,21086,9639,16873
bot,,"2026-07-29","23",23207,18002,7839,15117
bot,,"2026-07-30","00",57128,45322,33082,23646
bot,,"2026-07-30","01",37803,32187,25688,11827
bot,,"2026-07-30","02",210,88,0,154
bot,,"2026-07-30","03",93,40,0,63
bot,,"2026-07-30","04",98,35,0,84
bot,,"2026-07-30","05",46,14,0,38
bot,,"2026-07-30","06",34,14,0,24
bot,,"2026-07-30","07",43,23,0,26
bot,,"2026-07-30","08",30,19,0,17
bot,,"2026-07-30","09",16,11,0,5
bot,,"2026-07-30","10",257,251,238,8
bot,,"2026-07-30","11",1260,1235,1216,30
bot,,"2026-07-30","12",3242,3225,3201,22
bot,,"2026-07-30","13",5841,5761,5726,94
bot,,"2026-07-30","14",6893,6584,6396,468
bot,,"2026-07-30","15",1919,1638,1318,531
bot,,"2026-07-30","16",28280,23469,16940,11209
bot,,"2026-07-30","17",68911,62377,45429,23261
bot,,"2026-07-30","18",134425,119758,81936,52165
bot,,"2026-07-30","19",111858,99161,66449,44927
bot,,"2026-07-30","20",116838,95238,70078,46048
bot,,"2026-07-30","21",31838,27220,16049,15439
bot,,"2026-07-30","22",27725,23798,15764,11775
bot,,"2026-07-30","23",19687,16169,10295,9247
bot,,"2026-07-31","00",4143,2620,1036,3006
bot,,"2026-07-31","01",317,152,0,235
bot,,"2026-07-31","02",173,55,2,135
bot,,"2026-07-31","03",126,26,0,117
bot,,"2026-07-31","04",67,21,0,58
bot,,"2026-07-31","05",91,36,0,67
bot,,"2026-07-31","06",46,24,0,29
bot,,"2026-07-31","07",46,25,0,25
bot,,"2026-07-31","08",19,14,0,7
bot,,"2026-07-31","09",17,12,0,6
bot,,"2026-07-31","10",156,150,141,9
bot,,"2026-07-31","11",9392,9381,9346,20
bot,,"2026-07-31","12",251,238,156,21
bot,,"2026-07-31","13",5732,5652,5576,107
bot,,"2026-07-31","14",5908,5670,5471,394
bot,,"2026-07-31","15",6704,6435,6222,453
bot,,"2026-07-31","16",101681,86859,54192,46854
bot,,"2026-07-31","17",131910,112714,75160,55803
bot,,"2026-07-31","18",108356,94570,62573,45103
bot,,"2026-07-31","19",96409,86068,59598,36311
bot,,"2026-07-31","20",18544,16528,12380,6051
bot,,"2026-07-31","21",29703,25477,16104,13365
bot,,"2026-07-31","22",92622,76753,56747,35159
bot,,"2026-07-31","23",25824,21483,14274,11275
bot,,"2026-08-01","00",12409,10574,6872,5383
bot,,"2026-08-01","01",826,210,4,796
bot,,"2026-08-01","02",322,104,1,296
bot,,"2026-08-01","03",174,69,1,122
bot,,"2026-08-01","04",993,266,9,970
bot,,"2026-08-01","05",85,30,0,76
bot,,"2026-08-01","06",43,14,0,37
bot,,"2026-08-01","07",21,19,0,20
bot,,"2026-08-01","08",14,8,0,8
bot,,"2026-08-01","09",14,10,0,4
bot,,"2026-08-01","10",20,17,0,5
bot,,"2026-08-01","11",1559,1519,1482,52
bot,,"2026-08-01","12",908,832,788,94
bot,,"2026-08-01","13",4914,4874,4799,68
bot,,"2026-08-01","14",3421,3326,3196,152
bot,,"2026-08-01","15",4964,4469,4209,733
bot,,"2026-08-01","16",75093,65129,49979,24318
bot,,"2026-08-01","17",51096,43399,28581,22090
bot,,"2026-08-01","18",128063,114116,78343,49108
bot,,"2026-08-01","19",34808,26742,17446,16973
bot,,"2026-08-01","20",35274,28218,19663,15133
bot,,"2026-08-01","21",48412,39377,28213,19659
bot,,"2026-08-01","22",43257,33706,21659,21097
bot,,"2026-08-01","23",28919,23622,16669,11891
bot,,"2026-08-02","00",156,82,1,89
bot,,"2026-08-02","01",137,76,0,72
bot,,"2026-08-02","02",84,33,1,62
bot,,"2026-08-02","03",51,22,1,40
bot,,"2026-08-02","04",53,29,0,40
bot,,"2026-08-02","05",35,10,0,29
bot,,"2026-08-02","06",31,11,0,28
bot,,"2026-08-02","07",17,14,0,8
bot,,"2026-08-02","08",9,6,0,4
bot,,"2026-08-02","09",18,8,0,14
bot,,"2026-08-02","10",44,43,0,1
bot,,"2026-08-02","11",55,47,0,10
bot,,"2026-08-02","12",44,39,18,5
bot,,"2026-08-02","13",211,200,147,14
bot,,"2026-08-02","14",77,50,0,41
bot,,"2026-08-02","15",105,43,0,78
bot,,"2026-08-02","16",163,85,0,101
bot,,"2026-08-02","17",1124,975,534,529
bot,,"2026-08-02","18",3879,3085,1602,2196
bot,,"2026-08-02","19",2432,600,12,2361
bot,,"2026-08-02","20",412,146,0,337
bot,,"2026-08-02","21",142,76,0,89
bot,,"2026-08-02","22",131,58,0,97
bot,,"2026-08-02","23",116,58,0,83
bot,,"2026-08-03","00",112,65,0,70
bot,,"2026-08-03","01",160,78,0,103
bot,,"2026-08-03","02",83,40,0,54
bot,,"2026-08-03","03",83,19,2,71
bot,,"2026-08-03","04",65,34,0,42
bot,,"2026-08-03","05",45,19,0,34
bot,,"2026-08-03","06",23,13,0,13
bot,,"2026-08-03","07",23,16,0,12
bot,,"2026-08-03","08",24,21,0,4
bot,,"2026-08-03","09",28,25,0,3
bot,,"2026-08-03","10",11,5,0,6
bot,,"2026-08-03","11",1076,1073,1057,5
bot,,"2026-08-03","12",65,50,0,18
bot,,"2026-08-03","13",2492,2385,2293,143
bot,,"2026-08-03","14",3432,3094,2885,481
bot,,"2026-08-03","15",2726,2352,2138,518
bot,,"2026-08-03","16",10051,9098,6904,3018
bot,,"2026-08-03","17",6930,6769,6635,235
bot,,"2026-08-03","18",18085,14208,8486,9335
bot,,"2026-08-03","19",23720,18190,11490,11970
bot,,"2026-08-03","20",31440,26433,19318,11930
bot,,"2026-08-03","21",121958,103551,65763,55556
bot,,"2026-08-03","22",140972,120122,67761,72168
bot,,"2026-08-03","23",132628,113019,77383,54426
bot,,"2026-08-04","00",43273,35007,24899,17935
bot,,"2026-08-04","01",507,262,72,308
bot,,"2026-08-04","02",320,197,45,190
bot,,"2026-08-04","03",308,173,86,188
bot,,"2026-08-04","04",114,67,0,66
bot,,"2026-08-04","05",66,35,0,40
bot,,"2026-08-04","06",36,20,0,22
bot,,"2026-08-04","07",20,7,0,14
bot,,"2026-08-04","08",16,13,0,7
bot,,"2026-08-04","09",28,20,2,9
bot,,"2026-08-04","10",26,25,0,2
bot,,"2026-08-04","11",28,21,0,8
bot,,"2026-08-04","12",991,961,921,33
bot,,"2026-08-04","13",837,728,664,131
bot,,"2026-08-04","14",1411,1200,1043,333
bot,,"2026-08-04","15",975,517,208,691
bot,,"2026-08-04","16",4014,3720,3544,405
bot,,"2026-08-04","17",5292,4220,2518,2619
bot,,"2026-08-04","18",10123,6714,4097,5887
bot,,"2026-08-04","19",36929,31157,19195,17570
bot,,"2026-08-04","20",10426,8359,5067,5233
bot,,"2026-08-04","21",113503,98370,58606,54452
bot,,"2026-08-04","22",47111,41580,28023,18770
bot,,"2026-08-04","23",337,146,0,254
bot,,"2026-08-05","00",311,138,1,234
bot,,"2026-08-05","01",812,585,208,535
bot,,"2026-08-05","02",784,372,182,543
bot,,"2026-08-05","03",89,29,0,75
bot,,"2026-08-05","04",153,90,0,138
bot,,"2026-08-05","05",74,23,0,70
bot,,"2026-08-05","06",51,19,0,37
bot,,"2026-08-05","07",13,12,0,9
bot,,"2026-08-05","08",17,6,0,11
bot,,"2026-08-05","09",17,9,0,8
bot,,"2026-08-05","10",37,29,0,9
bot,,"2026-08-05","11",454,444,403,12
bot,,"2026-08-05","12",239,186,141,61
bot,,"2026-08-05","13",2127,2036,1991,112
bot,,"2026-08-05","14",4120,4010,3941,141
bot,,"2026-08-05","15",2763,2196,1759,948
bot,,"2026-08-05","16",9607,8742,7620,1938
bot,,"2026-08-05","17",15554,14438,13146,2323
bot,,"2026-08-05","18",24259,20014,13725,10312
bot,,"2026-08-05","19",49086,39699,26764,22040
bot,,"2026-08-05","20",66542,58081,38155,28143
bot,,"2026-08-05","21",141747,121241,74371,66663
bot,,"2026-08-05","22",132168,111799,73494,57904
bot,,"2026-08-05","23",66913,55400,34530,31789
bot,,"2026-08-06","00",7766,6709,4575,3072
bot,,"2026-08-06","01",263,126,1,178
bot,,"2026-08-06","02",170,66,0,133
bot,,"2026-08-06","03",134,53,0,100
bot,,"2026-08-06","04",109,63,1,71
bot,,"2026-08-06","05",44,20,0,31
bot,,"2026-08-06","06",61,11,0,54
bot,,"2026-08-06","07",49,20,0,31
bot,,"2026-08-06","08",16,8,0,13
bot,,"2026-08-06","09",19,12,0,8
bot,,"2026-08-06","10",35,20,0,20
bot,,"2026-08-06","11",408,400,347,14
bot,,"2026-08-06","12",183,164,143,23
bot,,"2026-08-06","13",140,96,31,74
bot,,"2026-08-06","14",579,221,17,521
bot,,"2026-08-06","15",4576,3878,3281,1249
bot,,"2026-08-06","16",9592,7270,4036,5437
bot,,"2026-08-06","17",6875,5318,3664,3126
bot,,"2026-08-06","18",96523,81888,60210,35613
bot,,"2026-08-06","19",3995,1916,962,2968
bot,,"2026-08-06","20",97549,82299,43035,54061
bot,,"2026-08-06","21",1535,707,125,1274
bot,,"2026-08-06","22",2766,1711,616,2071
bot,,"2026-08-06","23",5999,3731,1507,4379
bot,,"2026-08-07","00",2161,1638,753,1322
bot,,"2026-08-07","01",14904,9699,4178,10487
bot,,"2026-08-07","02",326,209,90,170
bot,,"2026-08-07","03",189,61,0,157
bot,,"2026-08-07","04",437,113,1,421
bot,,"2026-08-07","05",112,36,0,101
bot,,"2026-08-07","06",50,27,0,31
bot,,"2026-08-07","07",416,122,3,406
bot,,"2026-08-07","08",31,20,0,17
bot,,"2026-08-07","09",6,1,0,5
bot,,"2026-08-07","10",35,31,0,7
bot,,"2026-08-07","11",693,676,663,19
bot,,"2026-08-07","12",3222,3178,3134,46
bot,,"2026-08-07","13",9540,9509,9449,53
bot,,"2026-08-07","14",5090,5000,4923,120
bot,,"2026-08-07","15",618,309,35,509
bot,,"2026-08-07","16",18293,15149,10607,7567
bot,,"2026-08-07","17",41315,34746,24066,16955
bot,,"2026-08-07","18",78801,66339,48332,29819
bot,,"2026-08-07","19",28698,22636,14152,14233
bot,,"2026-08-07","20",3446,2321,1264,2137
bot,,"2026-08-07","21",46993,37620,23209,23343
bot,,"2026-08-07","22",64302,51722,33976,29754
bot,,"2026-08-07","23",17877,14413,9154,8484
bot,,"2026-08-08","00",659,439,169,462
bot,,"2026-08-08","01",496,258,115,323
bot,,"2026-08-08","02",321,101,0,292
bot,,"2026-08-08","03",109,46,0,84
bot,,"2026-08-08","04",302,82,1,287
bot,,"2026-08-08","05",45,18,1,36
bot,,"2026-08-08","06",23,11,0,21
bot,,"2026-08-08","07",28,10,0,18
bot,,"2026-08-08","08",15,10,3,7
bot,,"2026-08-08","09",26,23,0,8
bot,,"2026-08-08","10",17,15,0,3
bot,,"2026-08-08","11",2289,2284,2273,6
bot,,"2026-08-08","12",229,219,195,12
bot,,"2026-08-08","13",508,416,349,113
bot,,"2026-08-08","14",176,94,0,113
bot,,"2026-08-08","15",757,253,0,725
bot,,"2026-08-08","16",70887,64181,39419,31133
bot,,"2026-08-08","17",8787,7190,4887,3805
bot,,"2026-08-08","18",11385,9088,4923,6334
bot,,"2026-08-08","19",73064,61243,42333,30141
bot,,"2026-08-08","20",242,120,1,171
bot,,"2026-08-08","21",5203,4595,3333,1787
bot,,"2026-08-08","22",9534,7912,4302,5168
bot,,"2026-08-08","23",168,92,0,110
bot,,"2026-08-09","00",113,55,0,76
bot,,"2026-08-09","01",61,38,0,26
bot,,"2026-08-09","02",178,56,0,148
bot,,"2026-08-09","03",82,36,0,59
bot,,"2026-08-09","04",222,75,0,199
bot,,"2026-08-09","05",49,23,0,36
bot,,"2026-08-09","06",49,27,0,31
bot,,"2026-08-09","07",37,20,0,23
bot,,"2026-08-09","08",19,16,0,3
bot,,"2026-08-09","09",17,13,0,5
bot,,"2026-08-09","10",14,10,0,5
bot,,"2026-08-09","11",24,12,0,13
bot,,"2026-08-09","12",226,221,201,5
bot,,"2026-08-09","13",6762,6714,6536,50
bot,,"2026-08-09","14",3074,3021,2958,79
bot,,"2026-08-09","15",7487,7436,7361,72
bot,,"2026-08-09","16",6693,6645,6569,66
bot,,"2026-08-09","17",13708,12856,10772,2873
bot,,"2026-08-09","18",94125,78915,52862,40757
bot,,"2026-08-09","19",34501,28707,17712,16478
bot,,"2026-08-09","20",55272,46290,31891,22883
bot,,"2026-08-09","21",52007,43701,30458,21152
bot,,"2026-08-09","22",28250,23761,16760,11295
bot,,"2026-08-09","23",16642,14167,9580,6899
bot,,"2026-08-10","00",127,62,0,77
bot,,"2026-08-10","01",90,47,0,50
bot,,"2026-08-10","02",66,31,0,33
bot,,"2026-08-10","03",27,16,0,13
bot,,"2026-08-10","04",80,22,0,67
bot,,"2026-08-10","05",98,23,0,96
bot,,"2026-08-10","06",190,46,0,180
bot,,"2026-08-10","07",52,15,0,48
bot,,"2026-08-10","08",10,3,0,7
bot,,"2026-08-10","09",283,273,265,14
bot,,"2026-08-10","10",468,408,387,78
bot,,"2026-08-10","11",208,59,0,188
bot,,"2026-08-10","12",377,361,338,20
bot,,"2026-08-10","13",2893,2826,2747,76
bot,,"2026-08-10","14",4605,4249,3694,846
bot,,"2026-08-10","15",8052,6671,4161,3743
bot,,"2026-08-10","16",4802,4386,3979,747
bot,,"2026-08-10","17",11149,8932,5403,5643
bot,,"2026-08-10","18",26373,21943,14978,11145
bot,,"2026-08-10","19",26594,21188,13368,12938
bot,,"2026-08-10","20",15699,12812,8181,7234
bot,,"2026-08-10","21",23187,18505,11183,11616
bot,,"2026-08-10","22",15567,11197,6064,9191
bot,,"2026-08-10","23",41010,33222,20549,19915
bot,,"2026-08-11","00",16982,13653,8557,8228
bot,,"2026-08-11","01",202,88,1,155
bot,,"2026-08-11","02",193,91,0,142
bot,,"2026-08-11","03",138,66,0,119
bot,,"2026-08-11","04",90,19,0,74
bot,,"2026-08-11","05",51,26,0,44
bot,,"2026-08-11","06",36,19,0,24
bot,,"2026-08-11","07",31,17,0,20
bot,,"2026-08-11","08",19,12,0,10
bot,,"2026-08-11","09",21,14,0,9
bot,,"2026-08-11","10",32,20,0,12
bot,,"2026-08-11","11",377,367,317,15
bot,,"2026-08-11","12",790,768,743,25
bot,,"2026-08-11","13",117,81,25,41
bot,,"2026-08-11","14",1121,964,720,364
bot,,"2026-08-11","15",2523,2133,1904,586
bot,,"2026-08-11","16",2169,1461,676,1408
bot,,"2026-08-11","17",10588,7651,4204,6291
bot,,"2026-08-11","18",9599,7253,5149,4346
bot,,"2026-08-11","19",7510,6252,5354,2073
bot,,"2026-08-11","20",6801,5550,2713,3952
bot,,"2026-08-11","21",4232,2792,1699,2445
bot,,"2026-08-11","22",7224,4817,2465,4619
bot,,"2026-08-11","23",60144,53753,36087,23887
bot,,"2026-08-12","00",140017,124910,79259,60302
bot,,"2026-08-12","01",26432,23174,14633,11698
bot,,"2026-08-12","02",196,95,0,146
bot,,"2026-08-12","03",120,33,0,113
bot,,"2026-08-12","04",92,48,0,57
bot,,"2026-08-12","05",82,50,0,38
bot,,"2026-08-12","06",31,13,0,28
bot,,"2026-08-12","07",39,29,0,14
bot,,"2026-08-12","08",66,42,0,36
bot,,"2026-08-12","09",16,9,0,8
bot,,"2026-08-12","10",408,375,341,46
bot,,"2026-08-12","11",182,171,151,12
bot,,"2026-08-12","12",412,398,363,20
bot,,"2026-08-12","13",2647,2598,2519,74
bot,,"2026-08-12","14",4568,4420,4311,224
bot,,"2026-08-12","15",10346,7822,5733,4534
bot,,"2026-08-12","16",13811,12224,9500,4244
bot,,"2026-08-12","17",20607,17464,12628,7886
bot,,"2026-08-12","18",27514,23376,17732,9591
bot,,"2026-08-12","19",86025,74857,48589,37031
bot,,"2026-08-12","20",38534,32004,20734,17506
bot,,"2026-08-12","21",116387,103616,72959,43111
bot,,"2026-08-12","22",141117,124165,82225,58437
bot,,"2026-08-12","23",140865,122791,75725,64495
bot,,"2026-08-13","00",52809,45397,28937,23641
bot,,"2026-08-13","01",1109,603,160,881
bot,,"2026-08-13","02",165,80,0,140
bot,,"2026-08-13","03",338,119,0,306
bot,,"2026-08-13","04",131,62,0,104
bot,,"2026-08-13","05",404,134,0,387
bot,,"2026-08-13","06",90,43,2,61
bot,,"2026-08-13","07",34,23,0,27
bot,,"2026-08-13","08",29,16,0,21
bot,,"2026-08-13","09",25,10,0,16
bot,,"2026-08-13","10",265,221,177,67
bot,,"2026-08-13","11",434,420,407,16
bot,,"2026-08-13","12",1521,1502,1461,30
bot,,"2026-08-13","13",4382,4340,4267,73
bot,,"2026-08-13","14",4515,4217,3994,453
bot,,"2026-08-13","15",2252,2024,1837,328
bot,,"2026-08-13","16",4798,3590,2024,2680
bot,,"2026-08-13","17",55420,45642,30023,25170
bot,,"2026-08-13","18",141896,128796,84692,53256
bot,,"2026-08-13","19",141697,127920,84463,53207
bot,,"2026-08-13","20",60962,54169,36712,23944
bot,,"2026-08-13","21",18688,13007,6120,12475
bot,,"2026-08-13","22",3190,2707,1704,1403
bot,,"2026-08-13","23",32662,27683,16452,16009
bot,,"2026-08-14","00",5670,4209,2201,3368
bot,,"2026-08-14","01",335,178,1,215
bot,,"2026-08-14","02",252,114,0,186
bot,,"2026-08-14","03",179,84,0,137
bot,,"2026-08-14","04",136,71,0,112
bot,,"2026-08-14","05",84,48,0,65
bot,,"2026-08-14","06",47,17,0,41
bot,,"2026-08-14","07",27,10,0,26
bot,,"2026-08-14","08",22,11,0,20
bot,,"2026-08-14","09",28,17,0,14
bot,,"2026-08-14","10",548,540,523,14
bot,,"2026-08-14","11",42,25,0,26
bot,,"2026-08-14","12",8376,8345,8299,40
bot,,"2026-08-14","13",3397,3303,3209,138
bot,,"2026-08-14","14",5954,5686,5474,406
bot,,"2026-08-14","15",10527,9764,8454,1996
bot,,"2026-08-14","16",11949,9911,9307,2599
bot,,"2026-08-14","17",123932,87052,50797,71872
bot,,"2026-08-14","18",97818,86156,58271,39008
bot,,"2026-08-14","19",144295,128825,83821,59644
bot,,"2026-08-14","20",140559,122585,75107,64815
bot,,"2026-08-14","21",140697,119899,77041,62905
bot,,"2026-08-14","22",139061,117838,72990,65296
bot,,"2026-08-14","23",45501,36175,20830,24145
bot,,"2026-08-15","00",21417,17230,11147,10067
bot,,"2026-08-15","01",4258,3751,2579,1571
bot,,"2026-08-15","02",177,90,0,110
bot,,"2026-08-15","03",286,90,0,266
bot,,"2026-08-15","04",301,98,0,260
bot,,"2026-08-15","05",499,188,2,488
bot,,"2026-08-15","06",46,18,0,41
bot,,"2026-08-15","07",54,29,0,44
bot,,"2026-08-15","08",21,12,0,13
bot,,"2026-08-15","09",21,7,0,15
bot,,"2026-08-15","10",720,713,689,12
bot,,"2026-08-15","11",5605,5587,5557,25
bot,,"2026-08-15","12",847,824,802,32
bot,,"2026-08-15","13",3826,3762,3688,101
bot,,"2026-08-15","14",4864,4467,4289,534
bot,,"2026-08-15","15",24320,11633,6194,18031
bot,,"2026-08-15","16",54810,38875,25191,29230
bot,,"2026-08-15","17",10487,9066,6563,3798
bot,,"2026-08-15","18",27306,22411,13975,13047
bot,,"2026-08-15","19",46354,37878,22962,23088
bot,,"2026-08-15","20",29369,23736,14720,14363
bot,,"2026-08-15","21",27252,22160,13887,13094
bot,,"2026-08-15","22",7143,5814,2770,4187
bot,,"2026-08-15","23",205,103,0,162
bot,,"2026-08-16","00",168,68,0,130
bot,,"2026-08-16","01",156,72,0,130
bot,,"2026-08-16","02",53,20,0,39
bot,,"2026-08-16","03",75,50,0,35
bot,,"2026-08-16","04",42,30,0,14
bot,,"2026-08-16","05",65,24,0,53
bot,,"2026-08-16","06",31,22,0,18
bot,,"2026-08-16","07",380,131,0,369
bot,,"2026-08-16","08",38,31,0,24
bot,,"2026-08-16","09",80,38,0,66
bot,,"2026-08-16","10",31,22,6,14
bot,,"2026-08-16","11",34,24,16,16
bot,,"2026-08-16","12",2756,2529,2434,315
bot,,"2026-08-16","13",7359,7325,7300,46
bot,,"2026-08-16","14",156,93,0,94
bot,,"2026-08-16","15",540,402,157,320
bot,,"2026-08-16","16",289,180,62,200
bot,,"2026-08-16","17",91984,80993,54769,36947
bot,,"2026-08-16","18",98637,82618,51024,46954
bot,,"2026-08-16","19",706,268,1,651
bot,,"2026-08-16","20",199,89,0,154
bot,,"2026-08-16","21",103687,71408,33927,68921
bot,,"2026-08-16","22",24493,7325,91,24317
bot,,"2026-08-16","23",2137,544,0,2053
bot,,"2026-08-17","00",179,89,0,116
bot,,"2026-08-17","01",145,66,0,106
bot,,"2026-08-17","02",114,47,0,87
bot,,"2026-08-17","03",120,73,0,77
bot,,"2026-08-17","04",89,42,0,65
bot,,"2026-08-17","05",69,41,0,46
bot,,"2026-08-17","06",39,15,0,29
bot,,"2026-08-17","07",24,19,0,14
bot,,"2026-08-17","08",17,14,0,6
bot,,"2026-08-17","09",37,34,0,9
bot,,"2026-08-17","10",46,39,0,7
bot,,"2026-08-17","11",48,43,5,8
bot,,"2026-08-17","12",2667,2648,2591,26
bot,,"2026-08-17","13",4346,4313,4259,46
bot,,"2026-08-17","14",2720,2667,2582,103
bot,,"2026-08-17","15",13983,13637,13358,562
bot,,"2026-08-17","16",5400,5160,5047,320
bot,,"2026-08-17","17",26970,21232,13692,13024
bot,,"2026-08-17","18",42234,36185,25678,16241
bot,,"2026-08-17","19",26624,22283,14720,11613
bot,,"2026-08-17","20",78838,67900,39191,38860
bot,,"2026-08-17","21",38944,31413,18823,19755
bot,,"2026-08-17","22",38711,30457,18977,19318
bot,,"2026-08-17","23",37471,30790,18701,18414
bot,,"2026-08-18","00",20128,15078,7827,12074
bot,,"2026-08-18","01",53314,44195,33606,19300
bot,,"2026-08-18","02",2235,1652,857,1298
bot,,"2026-08-18","03",118,60,0,80
bot,,"2026-08-18","04",98,43,0,75
bot,,"2026-08-18","05",98,58,0,56
bot,,"2026-08-18","06",45,27,0,27
bot,,"2026-08-18","07",39,29,0,13
bot,,"2026-08-18","08",32,26,0,18
bot,,"2026-08-18","09",30,27,1,5
bot,,"2026-08-18","10",489,477,444,21
bot,,"2026-08-18","11",304,296,278,11
bot,,"2026-08-18","12",567,552,512,29
bot,,"2026-08-18","13",679,638,594,65
bot,,"2026-08-18","14",2152,1157,605,1461
bot,,"2026-08-18","15",5574,3124,1444,4037
bot,,"2026-08-18","16",18575,14998,10207,8302
bot,,"2026-08-18","17",6529,5101,2718,3693
bot,,"2026-08-18","18",20884,17423,9684,10930
bot,,"2026-08-18","19",87128,67878,38539,47899
bot,,"2026-08-18","20",25772,21547,13638,11994
bot,,"2026-08-18","21",28820,22045,14257,14225
bot,,"2026-08-18","22",1363,946,362,933
bot,,"2026-08-18","23",15931,13430,9475,6384
bot,,"2026-08-19","00",46746,40261,32780,13587
bot,,"2026-08-19","01",240,143,2,150
bot,,"2026-08-19","02",146,71,0,93
bot,,"2026-08-19","03",214,79,0,193
bot,,"2026-08-19","04",397,119,0,386
bot,,"2026-08-19","05",190,63,1,179
bot,,"2026-08-19","06",28,16,0,19
bot,,"2026-08-19","07",386,142,0,354
bot,,"2026-08-19","08",50,34,0,30
bot,,"2026-08-19","09",33,20,0,17
bot,,"2026-08-19","10",399,396,389,5
bot,,"2026-08-19","11",276,262,244,14
bot,,"2026-08-19","12",1007,983,943,32
bot,,"2026-08-19","13",3634,3585,3534,69
bot,,"2026-08-19","14",4300,3844,3596,651
bot,,"2026-08-19","15",14138,9506,7364,6716
bot,,"2026-08-19","16",15792,12435,9862,5863
bot,,"2026-08-19","17",15967,12743,8946,6900
bot,,"2026-08-19","18",43655,38343,29551,13845
bot,,"2026-08-19","19",30691,25935,16953,13477
bot,,"2026-08-19","20",72998,62969,39253,33193
bot,,"2026-08-19","21",82505,70351,44962,36985
bot,,"2026-08-19","22",44758,35932,25674,18656
bot,,"2026-08-19","23",120285,103146,71954,47325
bot,,"2026-08-20","00",24020,19818,12227,11518
bot,,"2026-08-20","01",1056,684,336,682
bot,,"2026-08-20","02",123,59,0,92
bot,,"2026-08-20","03",317,98,0,286
bot,,"2026-08-20","04",284,96,0,263
bot,,"2026-08-20","05",296,59,0,276
bot,,"2026-08-20","06",34,16,0,26
bot,,"2026-08-20","07",42,25,0,23
bot,,"2026-08-20","08",39,33,0,9
bot,,"2026-08-20","09",12,10,0,4
bot,,"2026-08-20","10",153,149,132,8
bot,,"2026-08-20","11",468,464,434,7
bot,,"2026-08-20","12",55,35,11,28
bot,,"2026-08-20","13",4242,4164,4104,99
bot,,"2026-08-20","14",5459,5338,5204,176
bot,,"2026-08-20","15",4197,2956,1798,2357
bot,,"2026-08-20","16",7197,5624,3644,3451
bot,,"2026-08-20","17",4773,4267,3861,831
bot,,"2026-08-20","18",42622,33453,22889,19418
bot,,"2026-08-20","19",88817,52623,29119,59069
bot,,"2026-08-20","20",9198,6571,3977,5117
bot,,"2026-08-20","21",63251,53777,34461,28502
bot,,"2026-08-20","22",90572,72658,45984,43839
bot,,"2026-08-20","23",315,111,0,254
bot,,"2026-08-21","00",296,109,1,231
bot,,"2026-08-21","01",448,268,81,338
bot,,"2026-08-21","02",5301,4090,2626,2597
bot,,"2026-08-21","03",171,69,0,140
bot,,"2026-08-21","04",108,46,0,84
bot,,"2026-08-21","05",67,16,0,60
bot,,"2026-08-21","06",67,33,0,54
bot,,"2026-08-21","07",36,26,0,24
bot,,"2026-08-21","08",24,18,0,8
bot,,"2026-08-21","09",34,15,0,20
bot,,"2026-08-21","10",409,407,390,3
bot,,"2026-08-21","11",6729,6714,6696,19
bot,,"2026-08-21","12",4630,4599,4558,36
bot,,"2026-08-21","13",6029,5947,5849,139
bot,,"2026-08-21","14",7780,6948,6591,1151
bot,,"2026-08-21","15",17696,13727,9366,8188
bot,,"2026-08-21","16",73852,58355,42281,31011
bot,,"2026-08-21","17",46419,39400,26217,19810
bot,,"2026-08-21","18",93600,80424,51837,40903
bot,,"2026-08-21","19",72046,60675,38424,33052
bot,,"2026-08-21","20",33448,27569,16837,16332
bot,,"2026-08-21","21",79730,69721,47078,32169
bot,,"2026-08-21","22",52730,43812,30338,22103
bot,,"2026-08-21","23",114875,96122,58002,56272
bot,,"2026-08-22","00",2936,1950,969,1894
bot,,"2026-08-22","01",1717,644,155,1535
bot,,"2026-08-22","02",1259,810,434,754
bot,,"2026-08-22","03",196,70,0,169
bot,,"2026-08-22","04",90,25,0,81
bot,,"2026-08-22","05",83,43,0,56
bot,,"2026-08-22","06",43,27,0,25
bot,,"2026-08-22","07",29,20,0,16
bot,,"2026-08-22","08",879,866,843,11
bot,,"2026-08-22","09",17,9,0,13
bot,,"2026-08-22","10",49,42,36,7
bot,,"2026-08-22","11",525,519,504,12
bot,,"2026-08-22","12",11803,11786,11765,20
bot,,"2026-08-22","13",28398,24625,14683,13625
bot,,"2026-08-22","14",2681,1573,1143,1498
bot,,"2026-08-22","15",796,578,373,360
bot,,"2026-08-22","16",23723,17529,11521,12102
bot,,"2026-08-22","17",114883,93468,67279,46887
bot,,"2026-08-22","18",79881,67229,41708,37907
bot,,"2026-08-22","19",39827,35529,25654,13989
bot,,"2026-08-22","20",2841,1836,723,2019
bot,,"2026-08-22","21",89865,78640,51122,38316
bot,,"2026-08-22","22",25022,21203,13534,11256
bot,,"2026-08-22","23",902,274,0,868
bot,,"2026-08-23","00",905,327,2,806
bot,,"2026-08-23","01",319,131,1,268
bot,,"2026-08-23","02",84,39,1,64
bot,,"2026-08-23","03",84,29,0,70
bot,,"2026-08-23","04",59,18,0,48
bot,,"2026-08-23","05",30,10,0,23
bot,,"2026-08-23","06",47,28,0,35
bot,,"2026-08-23","07",34,26,0,11
bot,,"2026-08-23","08",11,3,0,10
bot,,"2026-08-23","09",26,18,0,13
bot,,"2026-08-23","10",2281,2271,2255,14
bot,,"2026-08-23","11",18,14,0,5
bot,,"2026-08-23","12",941,925,906,19
bot,,"2026-08-23","13",653,643,604,15
bot,,"2026-08-23","14",7385,5452,4804,2536
bot,,"2026-08-23","15",80302,68746,43147,36902
bot,,"2026-08-23","16",122,102,0,30
bot,,"2026-08-23","17",32291,27037,20863,11049
bot,,"2026-08-23","18",143581,123887,87763,55004
bot,,"2026-08-23","19",139581,122870,81769,57408
bot,,"2026-08-23","20",45641,40479,29147,16291
bot,,"2026-08-23","21",160,91,0,84
bot,,"2026-08-23","22",847,603,219,566
bot,,"2026-08-23","23",158,83,1,99
bot,,"2026-08-24","00",162,95,0,94
bot,,"2026-08-24","01",171,97,0,97
bot,,"2026-08-24","02",105,53,0,64
bot,,"2026-08-24","03",45,26,0,21
bot,,"2026-08-24","04",83,29,0,64
bot,,"2026-08-24","05",308,76,0,285
bot,,"2026-08-24","06",89,39,0,80
bot,,"2026-08-24","07",27,20,0,17
bot,,"2026-08-24","08",8,2,0,6
bot,,"2026-08-24","09",210,69,1,190
bot,,"2026-08-24","10",251,245,219,8
bot,,"2026-08-24","11",21,10,0,15
bot,,"2026-08-24","12",493,463,416,42
bot,,"2026-08-24","13",451,383,328,90
bot,,"2026-08-24","14",3494,2816,2501,957
bot,,"2026-08-24","15",5932,5273,4490,1361
bot,,"2026-08-24","16",7455,7046,6816,561
bot,,"2026-08-24","17",27873,20459,14106,13672
bot,,"2026-08-24","18",20415,15051,11893,8390
bot,,"2026-08-24","19",96368,81884,51137,44905
bot,,"2026-08-24","20",55102,45347,28758,26002
bot,,"2026-08-24","21",140662,117532,72433,67617
bot,,"2026-08-24","22",85777,69181,41564,43711
bot,,"2026-08-24","23",71871,55228,38119,33352
bot,,"2026-08-25","00",26667,21025,13964,12530
bot,,"2026-08-25","01",7831,5192,1711,5981
bot,,"2026-08-25","02",1725,1135,552,1094
bot,,"2026-08-25","03",149,61,0,112
bot,,"2026-08-25","04",94,36,0,81
bot,,"2026-08-25","05",96,48,0,64
bot,,"2026-08-25","06",37,17,0,29
bot,,"2026-08-25","07",37,30,0,21
bot,,"2026-08-25","08",17,15,0,2
bot,,"2026-08-25","09",31,28,1,4
bot,,"2026-08-25","10",212,206,165,7
bot,,"2026-08-25","11",500,487,455,15
bot,,"2026-08-25","12",67,43,0,27
bot,,"2026-08-25","13",217,158,118,69
bot,,"2026-08-25","14",3124,2821,2561,498
bot,,"2026-08-25","15",4446,2826,1781,2598
bot,,"2026-08-25","16",13019,10388,8030,4865
bot,,"2026-08-25","17",11295,5247,3218,8046
bot,,"2026-08-25","18",6535,4127,2997,3450
bot,,"2026-08-25","19",93124,78629,47960,44835
bot,,"2026-08-25","20",37771,33004,19739,17858
bot,,"2026-08-25","21",49351,40421,30679,18401
bot,,"2026-08-25","22",26565,20525,14078,12278
bot,,"2026-08-25","23",73901,66399,45484,28291
bot,,"2026-08-26","00",100958,85334,58824,41973
bot,,"2026-08-26","01",4913,3900,1940,2871
bot,,"2026-08-26","02",174,71,1,147
bot,,"2026-08-26","03",159,37,0,154
bot,,"2026-08-26","04",117,28,0,100
bot,,"2026-08-26","05",93,50,0,54
bot,,"2026-08-26","06",30,11,0,25
bot,,"2026-08-26","07",38,17,0,29
bot,,"2026-08-26","08",39,22,0,22
bot,,"2026-08-26","09",25,24,0,2
bot,,"2026-08-26","10",12,8,0,9
bot,,"2026-08-26","11",5859,5846,5822,18
bot,,"2026-08-26","12",1065,1054,1027,33
bot,,"2026-08-26","13",1545,1472,1413,108
bot,,"2026-08-26","14",2936,2597,2357,511
bot,,"2026-08-26","15",1024,780,635,326
bot,,"2026-08-26","16",58947,46817,33350,25133
bot,,"2026-08-26","17",24995,22067,16542,8275
bot,,"2026-08-26","18",49393,43962,28498,20781
bot,,"2026-08-26","19",71712,57766,34197,37317
bot,,"2026-08-26","20",31958,26073,17800,14067
bot,,"2026-08-26","21",135155,122705,85126,49754
bot,,"2026-08-26","22",144104,119111,79124,64435
bot,,"2026-08-26","23",104104,88776,57519,46311
bot,,"2026-08-27","00",23938,18245,10517,13272
bot,,"2026-08-27","01",13259,10280,6952,6156
bot,,"2026-08-27","02",172,63,1,134
bot,,"2026-08-27","03",121,54,0,97
bot,,"2026-08-27","04",161,41,0,129
bot,,"2026-08-27","05",94,43,0,62
bot,,"2026-08-27","06",97,69,0,51
bot,,"2026-08-27","07",33,16,0,22
bot,,"2026-08-27","08",21,17,0,4
bot,,"2026-08-27","09",31,25,0,7
bot,,"2026-08-27","10",675,669,641,8
bot,,"2026-08-27","11",2351,2341,2317,11
bot,,"2026-08-27","12",9831,9805,9773,28
bot,,"2026-08-27","13",2626,2554,2450,97
bot,,"2026-08-27","14",1570,1127,847,661
bot,,"2026-08-27","15",10103,7575,4121,5864
bot,,"2026-08-27","16",40900,33314,23003,17751
bot,,"2026-08-27","17",128742,105187,68640,59596
bot,,"2026-08-27","18",100093,82671,48953,50914
bot,,"2026-08-27","19",26211,22073,13168,12906
bot,,"2026-08-27","20",11598,8352,5485,6014
bot,,"2026-08-27","21",100879,79882,46622,53977
bot,,"2026-08-27","22",32381,22358,12303,19934
bot,,"2026-08-27","23",27192,22007,13973,13089
bot,,"2026-08-28","00",10490,8855,5781,4653
bot,,"2026-08-28","01",397,169,27,337
bot,,"2026-08-28","02",199,69,0,170
bot,,"2026-08-28","03",174,66,0,143
bot,,"2026-08-28","04",110,39,0,101
bot,,"2026-08-28","05",81,39,0,56
bot,,"2026-08-28","06",56,18,0,49
bot,,"2026-08-28","07",20,12,0,14
bot,,"2026-08-28","08",48,41,0,9
bot,,"2026-08-28","09",10790,10783,10775,8
bot,,"2026-08-28","10",717,708,688,14
bot,,"2026-08-28","11",701,682,644,26
bot,,"2026-08-28","12",616,591,581,30
bot,,"2026-08-28","13",3547,3468,3373,107
bot,,"2026-08-28","14",88205,74709,56684,31209
bot,,"2026-08-28","15",28761,24690,15770,12883
bot,,"2026-08-28","16",21523,17658,10514,10838
bot,,"2026-08-28","17",25561,21710,12887,12490
bot,,"2026-08-28","18",125456,107859,63267,61568
bot,,"2026-08-28","19",141166,125111,74439,66316
bot,,"2026-08-28","20",154381,137900,84239,69783
bot,,"2026-08-28","21",145511,126597,72044,73217
bot,,"2026-08-28","22",142232,126378,71911,69741
bot,,"2026-08-28","23",142875,126024,74335,68184
bot,,"2026-08-29","00",141147,120775,76441,64398
bot,,"2026-08-29","01",134181,122733,76254,57525
bot,,"2026-08-29","02",85355,79248,54219,30974
bot,,"2026-08-29","03",326,76,0,289
bot,,"2026-08-29","04",233,61,0,204
bot,,"2026-08-29","05",167,70,0,128
bot,,"2026-08-29","06",99,34,0,90
bot,,"2026-08-29","07",38,17,0,33
bot,,"2026-08-29","08",14,5,0,12
bot,,"2026-08-29","09",24,13,0,16
bot,,"2026-08-29","10",313,307,283,9
bot,,"2026-08-29","11",936,922,902,19
bot,,"2026-08-29","12",1892,1883,1843,19
bot,,"2026-08-29","13",7788,7378,7118,580
bot,,"2026-08-29","14",4300,3980,3738,503
bot,,"2026-08-29","15",12454,8747,5819,6493
bot,,"2026-08-29","16",21352,17429,12305,8899
bot,,"2026-08-29","17",17177,14123,9863,7176
bot,,"2026-08-29","18",85719,73747,47047,38191
bot,,"2026-08-29","19",137490,118192,72206,65020
bot,,"2026-08-29","20",139600,127789,81885,57388
bot,,"2026-08-29","21",102257,91282,56194,45699
bot,,"2026-08-29","22",25870,20226,12630,13083
bot,,"2026-08-29","23",4852,1606,8,4791
bot,,"2026-08-30","00",2907,1137,9,2813
bot,,"2026-08-30","01",201,89,0,148
bot,,"2026-08-30","02",163,62,0,136
bot,,"2026-08-30","03",146,68,0,98
bot,,"2026-08-30","04",99,38,0,84
bot,,"2026-08-30","05",54,21,0,46
bot,,"2026-08-30","06",65,37,0,41
bot,,"2026-08-30","07",21,7,0,16
bot,,"2026-08-30","08",28,16,0,15
bot,,"2026-08-30","09",31,28,0,4
bot,,"2026-08-30","10",2216,2213,2200,4
bot,,"2026-08-30","11",6100,6088,6074,12
bot,,"2026-08-30","12",326,305,283,31
bot,,"2026-08-30","13",286,254,203,42
bot,,"2026-08-30","14",1796,1754,1676,69
bot,,"2026-08-30","15",21391,18159,12260,8977
bot,,"2026-08-30","16",49752,40892,28203,21196
bot,,"2026-08-30","17",18638,13898,7125,11445
bot,,"2026-08-30","18",19128,10287,2695,16385
bot,,"2026-08-30","19",17460,13211,7948,9371
bot,,"2026-08-30","20",459,140,0,401
bot,,"2026-08-30","21",1790,1371,495,1232
bot,,"2026-08-30","22",196,55,0,169
bot,,"2026-08-30","23",177,70,0,150
bot,,"2026-08-31","00",153,60,0,119
bot,,"2026-08-31","01",183,99,0,113
bot,,"2026-08-31","02",124,55,0,99
bot,,"2026-08-31","03",126,50,0,97
bot,,"2026-08-31","04",89,32,2,75
bot,,"2026-08-31","05",69,29,0,49
bot,,"2026-08-31","06",28,5,0,24
bot,,"2026-08-31","07",28,16,0,19
bot,,"2026-08-31","08",25,12,0,14
bot,,"2026-08-31","09",22,14,0,9
bot,,"2026-08-31","10",34,23,0,14
bot,,"2026-08-31","11",1307,1297,1256,11
bot,,"2026-08-31","12",1268,1237,1201,36
bot,,"2026-08-31","13",1222,1175,1069,80
bot,,"2026-08-31","14",9912,8788,7236,2619
bot,,"2026-08-31","15",9162,6913,4536,4540
bot,,"2026-08-31","16",51709,44025,23331,28226
bot,,"2026-08-31","17",19157,13636,6135,12878
bot,,"2026-08-31","18",21904,15974,7748,14004
bot,,"2026-08-31","19",123651,109591,61902,61435
bot,,"2026-08-31","20",116894,105752,59302,57267
bot,,"2026-08-31","21",29276,18975,9349,19727
bot,,"2026-08-31","22",31107,21311,11003,19900
bot,,"2026-08-31","23",19906,15968,9428,10308
bot,,"2026-09-01","00",10094,8731,6040,3915
bot,,"2026-09-01","01",469,176,3,392
bot,,"2026-09-01","02",385,125,2,342
bot,,"2026-09-01","03",349,95,0,324
bot,,"2026-09-01","04",173,60,0,132
bot,,"2026-09-01","05",125,52,0,88
bot,,"2026-09-01","06",50,26,0,36
bot,,"2026-09-01","07",43,26,0,26
bot,,"2026-09-01","08",28,11,0,19
bot,,"2026-09-01","09",27,12,0,15
bot,,"2026-09-01","10",12,3,0,9
bot,,"2026-09-01","11",54,35,0,27
bot,,"2026-09-01","12",101,76,0,40
bot,,"2026-09-01","13",490,413,342,92
bot,,"2026-09-01","14",1417,976,791,596
bot,,"2026-09-01","15",1296,427,0,1232
bot,,"2026-09-01","16",3098,2066,1629,1433
bot,,"2026-09-01","17",7353,4564,3177,4083
bot,,"2026-09-01","18",20622,16743,10392,10050
bot,,"2026-09-01","19",7970,4230,2308,5586
bot,,"2026-09-01","20",8872,4757,2711,6089
bot,,"2026-09-01","21",37098,24273,14557,22015
bot,,"2026-09-01","22",74639,53869,33892,40292
bot,,"2026-09-01","23",56428,43498,27614,28398
bot,,"2026-09-02","00",63923,44579,23273,40028
bot,,"2026-09-02","01",15635,12185,9500,5962
bot,,"2026-09-02","02",551,149,2,489
bot,,"2026-09-02","03",383,103,0,355
bot,,"2026-09-02","04",333,100,0,296
bot,,"2026-09-02","05",122,42,0,112
bot,,"2026-09-02","06",84,38,0,65
bot,,"2026-09-02","07",41,17,0,35
bot,,"2026-09-02","08",57,26,0,34
bot,,"2026-09-02","09",28,14,0,16
bot,,"2026-09-02","10",20,13,0,9
bot,,"2026-09-02","11",368,349,321,26
bot,,"2026-09-02","12",1759,1721,1665,56
bot,,"2026-09-02","13",837,728,630,128
bot,,"2026-09-02","14",1155,812,519,536
bot,,"2026-09-02","15",4986,2051,8,4887
bot,,"2026-09-02","16",8598,5354,3099,5397
bot,,"2026-09-02","17",36807,25005,16642,20008
bot,,"2026-09-02","18",12006,8348,5277,6660
bot,,"2026-09-02","19",11769,5490,872,10771
bot,,"2026-09-02","20",5329,2060,13,5242
bot,,"2026-09-02","21",19186,13372,6788,12253
bot,,"2026-09-02","22",84193,65500,42287,41147
bot,,"2026-09-02","23",32274,26239,16795,15185
bot,,"2026-09-03","00",2565,906,7,2496
bot,,"2026-09-03","01",464,125,1,413
bot,,"2026-09-03","02",328,97,0,294
bot,,"2026-09-03","03",300,94,0,255
bot,,"2026-09-03","04",146,53,0,130
bot,,"2026-09-03","05",85,23,0,76
bot,,"2026-09-03","06",52,28,0,42
bot,,"2026-09-03","07",25,7,0,22
bot,,"2026-09-03","08",25,13,0,16
bot,,"2026-09-03","09",14,9,0,7
bot,,"2026-09-03","10",377,369,356,9
bot,,"2026-09-03","11",69,40,0,32
bot,,"2026-09-03","12",113,66,28,56
bot,,"2026-09-03","13",11911,11831,11753,106
bot,,"2026-09-03","14",1847,1681,1582,225
bot,,"2026-09-03","15",2045,1540,729,1240
bot,,"2026-09-03","16",6406,4462,2999,3315
bot,,"2026-09-03","17",16082,3755,31,15958
bot,,"2026-09-03","18",87942,75505,56031,31367
bot,,"2026-09-03","19",8221,6692,4458,3653
bot,,"2026-09-03","20",8426,4087,1617,6742
bot,,"2026-09-03","21",15260,7606,2841,12339
bot,,"2026-09-03","22",10814,5842,1611,9100
bot,,"2026-09-03","23",14269,6535,1951,12233
bot,,"2026-09-04","00",1275,695,246,986
bot,,"2026-09-04","01",5174,4065,1566,3484
bot,,"2026-09-04","02",357,103,3,318
bot,,"2026-09-04","03",282,80,0,252
bot,,"2026-09-04","04",170,63,0,151
bot,,"2026-09-04","05",146,78,0,88
bot,,"2026-09-04","06",94,47,0,60
bot,,"2026-09-04","07",53,30,0,32
bot,,"2026-09-04","08",16,8,0,13
bot,,"2026-09-04","09",16,11,0,12
bot,,"2026-09-04","10",25,13,0,17
bot,,"2026-09-04","11",389,366,336,31
bot,,"2026-09-04","12",4148,4105,4048,46
bot,,"2026-09-04","13",4591,4506,4395,98
bot,,"2026-09-04","14",393,284,130,152
bot,,"2026-09-04","15",16576,8947,4585,11923
bot,,"2026-09-04","16",19219,13135,7458,11605
bot,,"2026-09-04","17",24484,18564,8379,15913
bot,,"2026-09-04","18",34070,26077,11792,22004
bot,,"2026-09-04","19",3189,2241,1706,1418
bot,,"2026-09-04","20",13273,10687,6708,6460
bot,,"2026-09-04","21",39331,27437,14481,24558
bot,,"2026-09-04","22",29228,19829,10515,18374
bot,,"2026-09-04","23",12964,5366,911,11999
bot,,"2026-09-05","00",12808,10160,6303,6301
bot,,"2026-09-05","01",5199,1950,11,5149
bot,,"2026-09-05","02",398,109,0,366
bot,,"2026-09-05","03",509,111,0,500
bot,,"2026-09-05","04",174,27,0,167
bot,,"2026-09-05","05",125,28,0,114
bot,,"2026-09-05","06",60,25,0,41
bot,,"2026-09-05","07",45,16,0,31
bot,,"2026-09-05","08",18,9,0,11
bot,,"2026-09-05","09",26,17,0,11
bot,,"2026-09-05","10",372,367,346,5
bot,,"2026-09-05","11",45,36,0,13
bot,,"2026-09-05","12",55,20,0,42
bot,,"2026-09-05","13",2900,2797,2699,160
bot,,"2026-09-05","14",725,607,486,183
bot,,"2026-09-05","15",8553,4188,961,7521
bot,,"2026-09-05","16",7619,3888,1569,5989
bot,,"2026-09-05","17",1485,1113,994,448
bot,,"2026-09-05","18",40495,33886,20179,19989
bot,,"2026-09-05","19",7895,5154,2215,5630
bot,,"2026-09-05","20",39125,21777,10549,28416
bot,,"2026-09-05","21",12249,8165,4169,8000
bot,,"2026-09-05","22",20890,11846,4848,15962
bot,,"2026-09-05","23",16987,10644,4841,11903
bot,,"2026-09-06","00",382,94,0,344
bot,,"2026-09-06","01",273,95,1,237
bot,,"2026-09-06","02",261,56,0,232
bot,,"2026-09-06","03",334,70,0,324
bot,,"2026-09-06","04",112,37,0,99
bot,,"2026-09-06","05",82,37,0,61
bot,,"2026-09-06","06",67,36,0,40
bot,,"2026-09-06","07",43,14,0,37
bot,,"2026-09-06","08",84,25,0,64
bot,,"2026-09-06","09",16,5,0,13
bot,,"2026-09-06","10",21,13,0,12
bot,,"2026-09-06","11",34,23,0,11
bot,,"2026-09-06","12",26419,26390,26352,38
bot,,"2026-09-06","13",159,109,0,55
bot,,"2026-09-06","14",162,104,26,68
bot,,"2026-09-06","15",182,87,0,120
bot,,"2026-09-06","16",2241,524,8,2201
bot,,"2026-09-06","17",36860,21077,8316,28450
bot,,"2026-09-06","18",988,224,0,914
bot,,"2026-09-06","19",2911,1980,831,2016
bot,,"2026-09-06","20",4645,2776,1099,3419
bot,,"2026-09-06","21",257,84,0,217
bot,,"2026-09-06","22",245,78,1,222
bot,,"2026-09-06","23",259,117,0,190
bot,,"2026-09-07","00",359,136,1,298
bot,,"2026-09-07","01",295,105,0,267
bot,,"2026-09-07","02",203,87,0,152
bot,,"2026-09-07","03",125,36,0,110
bot,,"2026-09-07","04",113,35,0,103
bot,,"2026-09-07","05",68,25,0,53
bot,,"2026-09-07","06",45,18,0,40
bot,,"2026-09-07","07",53,40,0,21
bot,,"2026-09-07","08",36,29,0,8
bot,,"2026-09-07","09",543,540,523,3
bot,,"2026-09-07","10",36,30,0,9
bot,,"2026-09-07","11",539,529,523,12
bot,,"2026-09-07","12",749,735,668,16
bot,,"2026-09-07","13",8457,8398,8295,77
bot,,"2026-09-07","14",4316,3617,2891,1308
bot,,"2026-09-07","15",3719,1574,8,3596
bot,,"2026-09-07","16",15561,8582,2574,12877
bot,,"2026-09-07","17",12185,8703,5080,6974
bot,,"2026-09-07","18",54987,48241,42401,12225
bot,,"2026-09-07","19",19139,13026,7096,11677
bot,,"2026-09-07","20",5814,2185,6,5710
bot,,"2026-09-07","21",17929,11402,5995,11769
bot,,"2026-09-07","22",20277,14949,9497,10508
bot,,"2026-09-07","23",13538,9834,6064,7317
bot,,"2026-09-08","00",28310,17268,7253,20834
bot,,"2026-09-08","01",492,196,1,404
bot,,"2026-09-08","02",342,117,0,285
bot,,"2026-09-08","03",313,94,0,273
bot,,"2026-09-08","04",121,34,0,109
bot,,"2026-09-08","05",66,22,2,56
bot,,"2026-09-08","06",62,31,0,40
bot,,"2026-09-08","07",40,17,0,29
bot,,"2026-09-08","08",42,29,0,26
bot,,"2026-09-08","09",34,21,0,23
bot,,"2026-09-08","10",374,358,350,17
bot,,"2026-09-08","11",43,20,0,26
bot,,"2026-09-08","12",7526,7492,7450,37
bot,,"2026-09-08","13",2564,2486,2421,114
bot,,"2026-09-08","14",824,359,163,616
bot,,"2026-09-08","15",10462,5811,2984,7425
bot,,"2026-09-08","16",7085,4201,2409,4606
bot,,"2026-09-08","17",77448,56554,33662,43325
bot,,"2026-09-08","18",27207,21523,13157,13879
bot,,"2026-09-08","19",11571,8981,7171,4301
bot,,"2026-09-08","20",24802,18221,9874,14747
bot,,"2026-09-08","21",43876,28974,13574,30188
bot,,"2026-09-08","22",25047,18773,9769,15108
bot,,"2026-09-08","23",26034,19012,9822,15996
bot,,"2026-09-09","00",59124,45613,29911,28827
bot,,"2026-09-09","01",936,264,0,868
bot,,"2026-09-09","02",297,95,0,259
bot,,"2026-09-09","03",446,117,0,416
bot,,"2026-09-09","04",190,67,0,173
bot,,"2026-09-09","05",113,37,0,89
bot,,"2026-09-09","06",55,21,0,43
bot,,"2026-09-09","07",24,6,0,21
bot,,"2026-09-09","08",19,8,0,12
bot,,"2026-09-09","09",70,61,0,9
bot,,"2026-09-09","10",388,379,356,11
bot,,"2026-09-09","11",5821,5806,5773,19
bot,,"2026-09-09","12",53,33,0,26
bot,,"2026-09-09","13",2044,1997,1914,82
bot,,"2026-09-09","14",10355,9805,9549,765
bot,,"2026-09-09","15",4293,3338,1830,2407
bot,,"2026-09-09","16",54650,42824,26483,27854
bot,,"2026-09-09","17",6641,2305,21,6593
bot,,"2026-09-09","18",24810,15636,6429,18237
bot,,"2026-09-09","19",66514,58139,42926,23192
bot,,"2026-09-09","20",27822,17807,5170,22484
bot,,"2026-09-09","21",9894,4249,156,9683
bot,,"2026-09-09","22",14259,6124,105,14100
bot,,"2026-09-09","23",10357,6707,3380,6850
bot,,"2026-09-10","00",417,103,0,375
bot,,"2026-09-10","01",257,84,0,220
bot,,"2026-09-10","02",232,82,0,197
bot,,"2026-09-10","03",277,90,0,259
bot,,"2026-09-10","04",209,41,0,190
bot,,"2026-09-10","05",145,34,0,132
bot,,"2026-09-10","06",61,20,0,50
bot,,"2026-09-10","07",28,10,2,21
bot,,"2026-09-10","08",38,35,0,10
bot,,"2026-09-10","09",18,13,0,6
bot,,"2026-09-10","10",289,275,261,16
bot,,"2026-09-10","11",1686,1678,1646,9
bot,,"2026-09-10","12",78,27,0,61
bot,,"2026-09-10","13",173,81,0,130
bot,,"2026-09-10","14",248,109,0,221
bot,,"2026-09-10","15",2958,2461,1676,1191
bot,,"2026-09-10","16",16845,11971,7648,9052
bot,,"2026-09-10","17",11116,5930,2924,8114
bot,,"2026-09-10","18",8011,4741,3360,4570
bot,,"2026-09-10","19",6671,3662,2004,4589
bot,,"2026-09-10","20",14918,12492,9734,5068
bot,,"2026-09-10","21",1509,543,1,1455
bot,,"2026-09-10","22",14844,10947,6246,8463
bot,,"2026-09-10","23",19297,14940,8515,10329
bot,,"2026-09-11","00",1594,442,2,1522
bot,,"2026-09-11","01",30916,26010,17313,13222
bot,,"2026-09-11","02",249,70,0,217
bot,,"2026-09-11","03",233,68,2,204
bot,,"2026-09-11","04",245,52,0,223
bot,,"2026-09-11","05",85,21,0,75
bot,,"2026-09-11","06",70,26,0,65
bot,,"2026-09-11","07",64,32,1,52
bot,,"2026-09-11","08",24,16,0,13
bot,,"2026-09-11","09",32,29,0,3
bot,,"2026-09-11","10",55,42,19,18
bot,,"2026-09-11","11",5657,5640,5632,20
bot,,"2026-09-11","12",1359,1319,1266,48
bot,,"2026-09-11","13",86,35,0,69
bot,,"2026-09-11","14",3250,1779,1017,2211
bot,,"2026-09-11","15",7845,4507,1723,6070
bot,,"2026-09-11","16",65652,52499,32467,32751
bot,,"2026-09-11","17",37424,28653,18399,18814
bot,,"2026-09-11","18",8204,3985,1152,7007
bot,,"2026-09-11","19",11217,7850,4207,6856
bot,,"2026-09-11","20",20818,16991,11261,9429
bot,,"2026-09-11","21",25605,19546,11485,13968
bot,,"2026-09-11","22",71141,60006,42306,28379
bot,,"2026-09-11","23",21937,16197,8840,12984
bot,,"2026-09-12","00",17768,14353,8844,8772
bot,,"2026-09-12","01",23769,18821,10230,13347
bot,,"2026-09-12","02",225,85,1,174
bot,,"2026-09-12","03",246,70,0,229
bot,,"2026-09-12","04",163,70,0,139
bot,,"2026-09-12","05",80,30,0,64
bot,,"2026-09-12","06",75,25,0,56
bot,,"2026-09-12","07",34,16,0,22
bot,,"2026-09-12","08",24,6,0,22
bot,,"2026-09-12","09",27,20,0,7
bot,,"2026-09-12","10",44,31,15,16
bot,,"2026-09-12","11",299,283,259,17
bot,,"2026-09-12","12",282,247,232,43
bot,,"2026-09-12","13",2147,1383,1030,1096
bot,,"2026-09-12","14",1532,1119,897,598
bot,,"2026-09-12","15",6291,2957,574,5679
bot,,"2026-09-12","16",15622,8467,3691,11853
bot,,"2026-09-12","17",10291,5261,1576,8665
bot,,"2026-09-12","18",12244,8942,5085,7071
bot,,"2026-09-12","19",15581,11134,5603,9898
bot,,"2026-09-12","20",380,97,0,360
bot,,"2026-09-12","21",31415,17191,4618,26694
bot,,"2026-09-12","22",20875,13593,5742,15036
bot,,"2026-09-12","23",545,150,0,500
bot,,"2026-09-13","00",275,83,0,240
bot,,"2026-09-13","01",261,71,0,253
bot,,"2026-09-13","02",198,52,0,185
bot,,"2026-09-13","03",200,79,0,162
bot,,"2026-09-13","04",99,30,0,86
bot,,"2026-09-13","05",64,18,1,56
bot,,"2026-09-13","06",37,11,1,33
bot,,"2026-09-13","07",36,20,0,24
bot,,"2026-09-13","08",24,11,0,21
bot,,"2026-09-13","09",42,32,0,13
bot,,"2026-09-13","10",8,3,0,5
bot,,"2026-09-13","11",39,31,0,16
bot,,"2026-09-13","12",39,16,0,25
bot,,"2026-09-13","13",86,50,0,44
bot,,"2026-09-13","14",905,838,798,79
bot,,"2026-09-13","15",161,77,0,118
bot,,"2026-09-13","16",26932,12138,127,26780
bot,,"2026-09-13","17",1620,539,0,1595
bot,,"2026-09-13","18",311,99,0,269
bot,,"2026-09-13","19",6798,5379,3604,3150
bot,,"2026-09-13","20",280,128,0,212
bot,,"2026-09-13","21",2542,1604,686,1811
bot,,"2026-09-13","22",182,58,0,158
bot,,"2026-09-13","23",245,75,0,212
bot,,"2026-09-14","00",117,32,0,107
bot,,"2026-09-14","01",148,70,0,90
bot,,"2026-09-14","02",131,45,0,106
bot,,"2026-09-14","03",110,54,0,86
bot,,"2026-09-14","04",84,32,0,73
bot,,"2026-09-14","05",38,18,0,30
bot,,"2026-09-14","06",52,25,0,34
bot,,"2026-09-14","07",46,35,0,14
bot,,"2026-09-14","08",24,18,0,9
bot,,"2026-09-14","09",19,8,0,11
bot,,"2026-09-14","10",10,9,0,1
bot,,"2026-09-14","11",20,6,0,15
bot,,"2026-09-14","12",456,444,401,23
bot,,"2026-09-14","13",598,544,471,70
bot,,"2026-09-14","14",1700,635,0,1635
bot,,"2026-09-14","15",4793,2185,5,4741
bot,,"2026-09-14","16",18016,11419,5646,12328
bot,,"2026-09-14","17",36651,21264,9785,26679
bot,,"2026-09-14","18",30124,17840,8063,21993
bot,,"2026-09-14","19",6772,5555,4567,1957
bot,,"2026-09-14","20",18551,7913,998,17508
bot,,"2026-09-14","21",19794,13741,5763,13873
bot,,"2026-09-14","22",43621,28401,12865,30562
bot,,"2026-09-14","23",33819,23194,10689,22945
bot,,"2026-09-15","00",21061,17841,12858,8017
bot,,"2026-09-15","01",343,98,0,321
bot,,"2026-09-15","02",274,62,0,266
bot,,"2026-09-15","03",258,80,0,236
bot,,"2026-09-15","04",222,60,0,208
bot,,"2026-09-15","05",81,32,0,58
bot,,"2026-09-15","06",50,22,0,37
bot,,"2026-09-15","07",38,19,0,24
bot,,"2026-09-15","08",27,9,0,24
bot,,"2026-09-15","09",42,39,0,11
bot,,"2026-09-15","10",30,21,0,11
bot,,"2026-09-15","11",121,104,92,19
bot,,"2026-09-15","12",2915,2881,2828,47
bot,,"2026-09-15","13",4303,4180,4071,197
bot,,"2026-09-15","14",4908,4730,4597,239
bot,,"2026-09-15","15",15717,7628,789,14910
bot,,"2026-09-15","16",11749,9859,6743,4949
bot,,"2026-09-15","17",40521,32134,19596,20734
bot,,"2026-09-15","18",136680,114059,64483,71945
bot,,"2026-09-15","19",49577,39656,24842,24443
bot,,"2026-09-15","20",14887,9503,3147,11650
bot,,"2026-09-15","21",43950,32591,18529,25097
bot,,"2026-09-15","22",112842,40655,10331,102298
bot,,"2026-09-15","23",54511,22551,8045,46327
bot,,"2026-09-16","00",1098,242,0,1063
bot,,"2026-09-16","01",435,106,2,413
bot,,"2026-09-16","02",259,83,0,226
bot,,"2026-09-16","03",203,53,0,191
bot,,"2026-09-16","04",121,23,0,114
bot,,"2026-09-16","05",63,21,0,55
bot,,"2026-09-16","06",33,12,0,31
bot,,"2026-09-16","07",30,17,0,18
bot,,"2026-09-16","08",21,7,0,19
bot,,"2026-09-16","09",23,18,1,6
bot,,"2026-09-16","10",23,16,0,9
bot,,"2026-09-16","11",47,44,16,3
bot,,"2026-09-16","12",177,166,142,15
bot,,"2026-09-16","13",113,69,0,67
bot,,"2026-09-16","14",501,250,0,474
bot,,"2026-09-16","15",49602,19549,5203,44351
bot,,"2026-09-16","16",45659,24599,6682,38867
bot,,"2026-09-16","17",74866,29373,6673,68114
bot,,"2026-09-16","18",5043,3246,2665,2322
bot,,"2026-09-16","19",135473,100982,53994,80884
bot,,"2026-09-16","20",143592,128859,82329,61032
bot,,"2026-09-16","21",141468,127256,80905,60252
bot,,"2026-09-16","22",141295,127955,79292,61815
bot,,"2026-09-16","23",123885,111053,67908,55775
bot,,"2026-09-17","00",1909,675,0,1833
bot,,"2026-09-17","01",242,95,0,198
bot,,"2026-09-17","02",173,59,0,134
bot,,"2026-09-17","03",176,77,0,140
bot,,"2026-09-17","04",103,40,0,77
bot,,"2026-09-17","05",73,39,0,56
bot,,"2026-09-17","06",70,44,0,35
bot,,"2026-09-17","07",27,8,0,21
bot,,"2026-09-17","08",29,11,0,20
bot,,"2026-09-17","09",21,13,0,9
bot,,"2026-09-17","10",43,37,0,6
bot,,"2026-09-17","11",63,55,36,11
bot,,"2026-09-17","12",3468,3440,3393,32
bot,,"2026-09-17","13",1524,1455,1403,80
bot,,"2026-09-17","14",845,249,0,764
bot,,"2026-09-17","15",2797,2444,2315,443
bot,,"2026-09-17","16",36482,18176,139,36281
bot,,"2026-09-17","17",30780,26655,18465,12077
bot,,"2026-09-17","18",33107,18471,6258,26698
bot,,"2026-09-17","19",6152,4985,4270,1825
bot,,"2026-09-17","20",34283,25679,12839,21137
bot,,"2026-09-17","21",53330,25467,128,53153
bot,,"2026-09-17","22",40535,28840,16192,24137
bot,,"2026-09-17","23",945,220,0,917
bot,,"2026-09-18","00",24132,17981,11351,12589
bot,,"2026-09-18","01",10764,9307,6476,4142
bot,,"2026-09-18","02",394,125,0,353
bot,,"2026-09-18","03",341,114,0,321
bot,,"2026-09-18","04",234,62,0,215
bot,,"2026-09-18","05",93,21,0,88
bot,,"2026-09-18","06",67,25,0,52
bot,,"2026-09-18","07",37,13,0,32
bot,,"2026-09-18","08",34,18,1,25
bot,,"2026-09-18","09",13,6,0,9
bot,,"2026-09-18","10",38,25,0,16
bot,,"2026-09-18","11",71,34,7,40
bot,,"2026-09-18","12",603,561,514,54
bot,,"2026-09-18","13",1355,1271,1220,93
bot,,"2026-09-18","14",1062,531,289,718
bot,,"2026-09-18","15",4244,1877,924,3285
bot,,"2026-09-18","16",55847,44159,26352,29054
bot,,"2026-09-18","17",30589,22197,10678,19791
bot,,"2026-09-18","18",13108,11118,6970,5953
bot,,"2026-09-18","19",20685,10735,993,19596
bot,,"2026-09-18","20",16814,9418,3305,13482
bot,,"2026-09-18","21",29160,22720,11314,17600
bot,,"2026-09-18","22",70017,46395,17547,52118
bot,,"2026-09-18","23",42387,26682,11136,31074
bot,,"2026-09-19","00",33320,22577,13569,19575
bot,,"2026-09-19","01",14291,10673,4857,9241
bot,,"2026-09-19","02",2163,1415,373,1702
bot,,"2026-09-19","03",490,138,0,465
bot,,"2026-09-19","04",217,60,0,203
bot,,"2026-09-19","05",110,36,0,96
bot,,"2026-09-19","06",88,34,0,61
bot,,"2026-09-19","07",34,18,0,23
bot,,"2026-09-19","08",34,18,0,23
bot,,"2026-09-19","09",10,3,0,8
bot,,"2026-09-19","10",122,107,91,20
bot,,"2026-09-19","11",2139,2120,2062,22
bot,,"2026-09-19","12",2797,2767,2738,44
bot,,"2026-09-19","13",782,728,630,76
bot,,"2026-09-19","14",3520,2444,1838,1638
bot,,"2026-09-19","15",2516,2215,1878,595
bot,,"2026-09-19","16",41687,27842,10003,31585
bot,,"2026-09-19","17",41046,33794,20332,20513
bot,,"2026-09-19","18",19708,9319,2298,17281
bot,,"2026-09-19","19",43119,30469,13934,29036
bot,,"2026-09-19","20",19058,13819,7445,11492
bot,,"2026-09-19","21",18938,13241,7427,11415
bot,,"2026-09-19","22",79727,58764,29941,49174
bot,,"2026-09-19","23",18340,13206,7403,10781
bot,,"2026-09-20","00",386,133,0,330
bot,,"2026-09-20","01",384,129,0,339
bot,,"2026-09-20","02",311,104,0,255
bot,,"2026-09-20","03",253,77,0,232
bot,,"2026-09-20","04",120,46,0,94
bot,,"2026-09-20","05",71,31,0,55
bot,,"2026-09-20","06",40,13,0,36
bot,,"2026-09-20","07",26,12,0,25
bot,,"2026-09-20","08",10,5,0,6
bot,,"2026-09-20","09",23,19,0,5
bot,,"2026-09-20","10",16,14,0,5
bot,,"2026-09-20","11",40,34,0,8
bot,,"2026-09-20","12",4070,4046,4025,25
bot,,"2026-09-20","13",78,53,0,38
bot,,"2026-09-20","14",142,80,0,90
bot,,"2026-09-20","15",186,94,2,124
bot,,"2026-09-20","16",9067,4217,16,8992
bot,,"2026-09-20","17",219044,160864,80341,138533
bot,,"2026-09-20","18",8125,3045,9,8032
bot,,"2026-09-20","19",77219,57459,24636,51923
bot,,"2026-09-20","20",10405,4992,21,10335
bot,,"2026-09-20","21",11180,5121,20,11118
bot,,"2026-09-20","22",504,185,0,453
bot,,"2026-09-20","23",505,145,0,479
bot,,"2026-09-21","00",372,110,0,343
bot,,"2026-09-21","01",277,108,0,220
bot,,"2026-09-21","02",141,38,0,131
bot,,"2026-09-21","03",140,47,0,119
bot,,"2026-09-21","04",109,29,0,96
bot,,"2026-09-21","05",78,42,0,57
bot,,"2026-09-21","06",38,21,0,23
bot,,"2026-09-21","07",27,12,0,20
bot,,"2026-09-21","08",23,11,0,19
bot,,"2026-09-21","09",12,4,2,8
bot,,"2026-09-21","10",13,7,0,7
bot,,"2026-09-21","11",29,24,0,8
bot,,"2026-09-21","12",2292,2259,2221,38
bot,,"2026-09-21","13",2837,2769,2718,80
bot,,"2026-09-21","14",17586,10305,48,17483
bot,,"2026-09-21","15",582,223,46,447
bot,,"2026-09-21","16",12975,7588,5125,7824
bot,,"2026-09-21","17",31663,23211,12801,18481
bot,,"2026-09-21","18",28496,20763,9520,17833
bot,,"2026-09-21","19",2174,919,226,1864
bot,,"2026-09-21","20",7991,3754,1132,6800
bot,,"2026-09-21","21",65376,42835,12790,52267
bot,,"2026-09-21","22",17768,13230,7854,9780
bot,,"2026-09-21","23",50125,35096,16226,33648
bot,,"2026-09-22","00",7246,3455,927,6240
bot,,"2026-09-22","01",764,242,2,688
bot,,"2026-09-22","02",370,159,0,306
bot,,"2026-09-22","03",463,160,0,443
bot,,"2026-09-22","04",267,89,0,235
bot,,"2026-09-22","05",102,39,0,85
bot,,"2026-09-22","06",65,24,0,64
bot,,"2026-09-22","07",38,24,0,22
bot,,"2026-09-22","08",23,16,0,12
bot,,"2026-09-22","09",15,7,0,9
bot,,"2026-09-22","10",22,14,0,10
bot,,"2026-09-22","11",341,329,316,14
bot,,"2026-09-22","12",2267,2218,2184,60
bot,,"2026-09-22","13",6542,6472,6405,90
bot,,"2026-09-22","14",1796,803,149,1592
bot,,"2026-09-22","15",460,209,11,364
bot,,"2026-09-22","16",15524,8446,1480,13935
bot,,"2026-09-22","17",33719,22327,7683,25778
bot,,"2026-09-22","18",60435,51547,32730,27025
bot,,"2026-09-22","19",8893,5931,2458,6276
bot,,"2026-09-22","20",9028,4362,18,8959
bot,,"2026-09-22","21",23694,15810,6302,17245
bot,,"2026-09-22","22",19414,14804,7033,12211
bot,,"2026-09-22","23",19574,15814,7906,11416
bot,,"2026-09-23","00",13867,11670,6312,7385
bot,,"2026-09-23","01",3907,2243,11,3834
bot,,"2026-09-23","02",407,132,0,370
bot,,"2026-09-23","03",341,101,0,331
bot,,"2026-09-23","04",138,45,2,124
bot,,"2026-09-23","05",95,37,0,81
bot,,"2026-09-23","06",63,20,0,54
bot,,"2026-09-23","07",59,30,0,47
bot,,"2026-09-23","08",34,9,0,26
bot,,"2026-09-23","09",51,37,0,16
bot,,"2026-09-23","10",40,28,0,24
bot,,"2026-09-23","11",37,30,0,10
bot,,"2026-09-23","12",73,52,1,35
bot,,"2026-09-23","13",221,109,0,147
bot,,"2026-09-23","14",5797,3291,369,5387
bot,,"2026-09-23","15",5928,2554,430,5473
bot,,"2026-09-23","16",5410,4438,3960,1421
bot,,"2026-09-23","17",23099,13164,1310,21732
bot,,"2026-09-23","18",7620,3738,1299,6269
bot,,"2026-09-23","19",17096,10811,3028,13997
bot,,"2026-09-23","20",26109,22124,12366,13701
bot,,"2026-09-23","21",83721,70350,32804,50680
bot,,"2026-09-23","22",16129,11645,4445,11543
bot,,"2026-09-23","23",15517,12093,6306,9066
bot,,"2026-09-24","00",17290,12027,4505,12614
bot,,"2026-09-24","01",2708,1403,5,2646
bot,,"2026-09-24","02",331,83,0,319
bot,,"2026-09-24","03",350,78,0,343
bot,,"2026-09-24","04",173,73,0,139
bot,,"2026-09-24","05",94,43,0,74
bot,,"2026-09-24","06",50,21,0,41
bot,,"2026-09-24","07",32,15,0,22
bot,,"2026-09-24","08",12,9,0,5
bot,,"2026-09-24","09",17,13,0,8
bot,,"2026-09-24","10",14,6,0,9
bot,,"2026-09-24","11",357,344,327,17
bot,,"2026-09-24","12",79,60,0,33
bot,,"2026-09-24","13",2841,2780,2723,88
bot,,"2026-09-24","14",700,250,1,665
bot,,"2026-09-24","15",7085,3575,163,6857
bot,,"2026-09-24","16",9220,7085,4671,4476
bot,,"2026-09-24","17",5661,2858,1804,3818
bot,,"2026-09-24","18",28844,23365,12048,16600
bot,,"2026-09-24","19",13627,4928,1095,12476
bot,,"2026-09-24","20",3237,1575,615,2556
bot,,"2026-09-24","21",33872,24903,10958,22723
bot,,"2026-09-24","22",19134,14693,6751,12210
bot,,"2026-09-24","23",23524,13558,4945,18464
bot,,"2026-09-25","00",14054,10115,3975,9979
bot,,"2026-09-25","01",867,446,128,698
bot,,"2026-09-25","02",336,119,0,283
bot,,"2026-09-25","03",269,84,0,251
bot,,"2026-09-25","04",170,58,0,144
bot,,"2026-09-25","05",73,30,0,53
bot,,"2026-09-25","06",60,25,0,46
bot,,"2026-09-25","07",45,30,0,23
bot,,"2026-09-25","08",25,16,0,11
bot,,"2026-09-25","09",19,12,0,15
bot,,"2026-09-25","10",285,278,273,8
bot,,"2026-09-25","11",30,17,0,20
bot,,"2026-09-25","12",666,636,603,38
bot,,"2026-09-25","13",129,69,1,78
bot,,"2026-09-25","14",3128,2778,2533,553
bot,,"2026-09-25","15",5498,4382,3104,2340
bot,,"2026-09-25","16",4464,3650,2611,1821
bot,,"2026-09-25","17",14094,9156,2879,11153
bot,,"2026-09-25","18",15674,8796,1530,14111
bot,,"2026-09-25","19",20585,18270,11011,9445
bot,,"2026-09-25","20",20622,17893,10374,10091
bot,,"2026-09-25","21",25363,18948,7521,17687
bot,,"2026-09-25","22",31044,22459,6600,24325
bot,,"2026-09-25","23",15435,12480,5777,9537
bot,,"2026-09-26","00",5043,4170,1911,3076
bot,,"2026-09-26","01",362,95,1,339
bot,,"2026-09-26","02",221,66,1,203
bot,,"2026-09-26","03",164,58,0,137
bot,,"2026-09-26","04",160,74,0,128
bot,,"2026-09-26","05",101,58,0,63
bot,,"2026-09-26","06",57,39,0,25
bot,,"2026-09-26","07",17,9,0,13
bot,,"2026-09-26","08",22,15,0,11
bot,,"2026-09-26","09",16,14,0,7
bot,,"2026-09-26","10",19,13,0,6
bot,,"2026-09-26","11",94,80,64,15
bot,,"2026-09-26","12",611,595,556,21
bot,,"2026-09-26","13",94,31,0,68
bot,,"2026-09-26","14",825,393,141,673
bot,,"2026-09-26","15",374,131,0,325
bot,,"2026-09-26","16",5693,3384,1421,4212
bot,,"2026-09-26","17",20409,17547,8973,11365
bot,,"2026-09-26","18",465,189,0,345
bot,,"2026-09-26","19",13711,8387,2233,11400
bot,,"2026-09-26","20",13563,6469,4,13527
bot,,"2026-09-26","21",9324,4317,6,9294
bot,,"2026-09-26","22",2382,1048,8,2320
bot,,"2026-09-26","23",327,131,0,273
bot,,"2026-09-27","00",274,91,0,238
bot,,"2026-09-27","01",217,94,0,182
bot,,"2026-09-27","02",206,73,0,162
bot,,"2026-09-27","03",145,51,0,129
bot,,"2026-09-27","04",95,30,0,78
bot,,"2026-09-27","05",68,28,0,58
bot,,"2026-09-27","06",49,18,0,38
bot,,"2026-09-27","07",35,24,0,15
bot,,"2026-09-27","08",35,23,0,14
bot,,"2026-09-27","09",23,10,0,14
bot,,"2026-09-27","10",26,14,0,12
bot,,"2026-09-27","11",27,22,0,8
bot,,"2026-09-27","12",31,24,0,9
bot,,"2026-09-27","13",61,44,0,23
bot,,"2026-09-27","14",142,98,0,55
bot,,"2026-09-27","15",138,81,0,81
bot,,"2026-09-27","16",219,121,56,154
bot,,"2026-09-27","17",2565,825,10,2504
bot,,"2026-09-27","18",279,75,3,255
bot,,"2026-09-27","19",6527,3623,11,6498
bot,,"2026-09-27","20",7555,5516,2001,5476
bot,,"2026-09-27","21",764,429,58,648
bot,,"2026-09-27","22",3029,1537,6,2948
bot,,"2026-09-27","23",310,98,0,290
bot,,"2026-09-28","00",220,84,1,192
bot,,"2026-09-28","01",163,38,0,156
bot,,"2026-09-28","02",120,33,0,114
bot,,"2026-09-28","03",92,29,0,83
bot,,"2026-09-28","04",97,45,0,71
bot,,"2026-09-28","05",62,38,0,46
bot,,"2026-09-28","06",63,44,0,25
bot,,"2026-09-28","07",29,18,0,21
bot,,"2026-09-28","08",26,18,0,9
bot,,"2026-09-28","09",83,82,0,3
bot,,"2026-09-28","10",24,20,0,4
bot,,"2026-09-28","11",21,13,0,15
bot,,"2026-09-28","12",468,453,427,23
bot,,"2026-09-28","13",140,71,0,89
bot,,"2026-09-28","14",2644,1430,1,2556
bot,,"2026-09-28","15",461,164,0,388
bot,,"2026-09-28","16",2649,994,1,2590
bot,,"2026-09-28","17",3922,2660,909,2822
bot,,"2026-09-28","18",3643,1933,2,3586
bot,,"2026-09-28","19",2802,889,12,2742
bot,,"2026-09-28","20",3299,1400,302,2910
bot,,"2026-09-28","21",9008,6091,2585,6235
bot,,"2026-09-28","22",5174,3683,2120,3028
bot,,"2026-09-28","23",8183,3350,3,8092
bot,,"2026-09-29","00",424,119,0,379
bot,,"2026-09-29","01",265,94,0,236
bot,,"2026-09-29","02",221,111,2,171
bot,,"2026-09-29","03",187,56,0,173
bot,,"2026-09-29","04",78,24,0,69
bot,,"2026-09-29","05",89,39,0,72
bot,,"2026-09-29","06",101,58,0,53
bot,,"2026-09-29","07",102,88,0,24
bot,,"2026-09-29","08",31,20,0,13
bot,,"2026-09-29","09",9,4,0,6
bot,,"2026-09-29","10",299,292,267,8
bot,,"2026-09-29","11",128,116,103,19
bot,,"2026-09-29","12",287,264,196,38
bot,,"2026-09-29","13",119,53,0,85
bot,,"2026-09-29","14",1612,641,0,1547
bot,,"2026-09-29","15",2053,1523,613,1312
bot,,"2026-09-29","16",2498,2003,1346,1074
bot,,"2026-09-29","17",2454,1583,363,1981
bot,,"2026-09-29","18",7188,5331,2708,4302
bot,,"2026-09-29","19",3611,2011,2,3548
bot,,"2026-09-29","20",4133,2787,1508,2517
bot,,"2026-09-29","21",7974,4802,20,7894
bot,,"2026-09-29","22",8372,5454,1461,6843
bot,,"2026-09-29","23",1308,520,3,1267
bot,,"2026-09-30","00",400,125,0,374
bot,,"2026-09-30","01",427,137,0,384
bot,,"2026-09-30","02",345,121,0,296
bot,,"2026-09-30","03",229,82,0,211
bot,,"2026-09-30","04",169,69,0,147
bot,,"2026-09-30","05",78,36,0,57
bot,,"2026-09-30","06",50,22,0,38
bot,,"2026-09-30","07",38,27,0,19
bot,,"2026-09-30","08",39,27,0,22
bot,,"2026-09-30","09",20,17,0,7
bot,,"2026-09-30","10",1151,1125,1102,35
bot,,"2026-09-30","11",76,52,17,30
bot,,"2026-09-30","12",74,50,0,38
bot,,"2026-09-30","13",589,516,464,90
bot,,"2026-09-30","14",922,375,41,845
bot,,"2026-09-30","15",3149,2219,988,2038
bot,,"2026-09-30","16",3360,1892,728,2578
bot,,"2026-09-30","17",5551,2654,13,5493
bot,,"2026-09-30","18",19269,15007,7976,11026
bot,,"2026-09-30","19",19060,9898,3613,15409
bot,,"2026-09-30","20",9751,5621,755,8952
bot,,"2026-09-30","21",6636,3424,2,6578
bot,,"2026-09-30","22",6474,3196,6,6454
bot,,"2026-09-30","23",13175,8136,803,12337
agent,,"2026-07-01","00",56,9,0,47
agent,,"2026-07-01","01",3,3,0,0
agent,,"2026-07-01","13",69,58,0,12
agent,,"2026-07-01","14",121,52,0,76
agent,,"2026-07-01","15",115,36,0,95
agent,,"2026-07-01","16",104,30,0,77
agent,,"2026-07-01","17",196,67,0,158
agent,,"2026-07-01","18",140,35,0,121
agent,,"2026-07-01","19",187,70,0,149
agent,,"2026-07-01","20",137,55,0,112
agent,,"2026-07-01","21",96,52,0,72
agent,,"2026-07-01","22",114,65,0,93
agent,,"2026-07-01","23",101,29,0,86
agent,,"2026-07-02","00",33,26,0,8
agent,,"2026-07-02","01",7,7,0,0
agent,,"2026-07-02","02",3,1,0,3
agent,,"2026-07-02","03",1,0,0,1
agent,,"2026-07-02","13",50,23,0,27
agent,,"2026-07-02","14",146,64,0,108
agent,,"2026-07-02","15",168,68,0,130
agent,,"2026-07-02","16",301,112,0,268
agent,,"2026-07-02","17",334,150,0,268
agent,,"2026-07-02","18",267,99,0,197
agent,,"2026-07-02","19",251,56,0,226
agent,,"2026-07-02","20",212,76,0,166
agent,,"2026-07-02","21",224,63,0,179
agent,,"2026-07-02","22",146,18,0,131
agent,,"2026-07-02","23",118,46,0,102
agent,,"2026-07-03","00",101,42,0,85
agent,,"2026-07-03","01",1,0,0,1
agent,,"2026-07-03","13",79,54,0,40
agent,,"2026-07-03","14",156,79,0,113
agent,,"2026-07-03","15",349,78,0,335
agent,,"2026-07-03","16",262,92,0,211
agent,,"2026-07-03","17",225,41,0,215
agent,,"2026-07-03","18",146,69,0,108
agent,,"2026-07-03","19",135,56,0,126
agent,,"2026-07-03","20",87,32,0,83
agent,,"2026-07-03","21",175,39,0,157
agent,,"2026-07-03","22",86,28,0,78
agent,,"2026-07-03","23",158,45,0,132
agent,,"2026-07-04","00",89,8,0,89
agent,,"2026-07-04","01",1,0,0,1
agent,,"2026-07-04","13",46,29,0,23
agent,,"2026-07-04","14",92,54,0,46
agent,,"2026-07-04","15",101,68,0,50
agent,,"2026-07-04","16",169,87,0,104
agent,,"2026-07-04","17",150,56,0,110
agent,,"2026-07-04","18",112,47,0,93
agent,,"2026-07-04","19",93,59,0,39
agent,,"2026-07-04","20",65,21,0,44
agent,,"2026-07-04","21",19,4,0,15
agent,,"2026-07-04","22",53,53,0,16
agent,,"2026-07-04","23",19,13,0,7
agent,,"2026-07-05","00",37,29,0,26
agent,,"2026-07-05","02",2,0,0,2
agent,,"2026-07-05","14",20,20,0,0
agent,,"2026-07-05","15",22,22,0,0
agent,,"2026-07-05","19",18,18,0,0
agent,,"2026-07-05","23",17,17,0,0
agent,,"2026-07-06","13",59,53,0,6
agent,,"2026-07-06","14",59,29,0,34
agent,,"2026-07-06","15",107,71,0,64
agent,,"2026-07-06","16",185,49,0,162
agent,,"2026-07-06","17",265,81,0,232
agent,,"2026-07-06","18",216,115,0,128
agent,,"2026-07-06","19",307,80,0,294
agent,,"2026-07-06","20",254,73,0,228
agent,,"2026-07-06","21",182,90,0,158
agent,,"2026-07-06","22",194,66,0,176
agent,,"2026-07-06","23",144,59,0,126
agent,,"2026-07-07","00",158,73,0,112
agent,,"2026-07-07","03",6,1,0,6
agent,,"2026-07-07","13",59,49,0,10
agent,,"2026-07-07","14",115,71,0,46
agent,,"2026-07-07","15",124,48,0,103
agent,,"2026-07-07","16",211,107,0,151
agent,,"2026-07-07","17",387,112,0,347
agent,,"2026-07-07","18",394,158,0,317
agent,,"2026-07-07","19",140,39,0,118
agent,,"2026-07-07","20",90,46,0,59
agent,,"2026-07-07","21",128,52,0,97
agent,,"2026-07-07","22",101,44,0,81
agent,,"2026-07-07","23",135,46,0,96
agent,,"2026-07-08","00",81,33,0,60
agent,,"2026-07-08","01",1,1,0,0
agent,,"2026-07-08","05",7,2,0,7
agent,,"2026-07-08","07",1,0,0,1
agent,,"2026-07-08","08",2,0,0,2
agent,,"2026-07-08","11",3,2,0,3
agent,,"2026-07-08","13",34,29,0,8
agent,,"2026-07-08","14",36,23,0,26
agent,,"2026-07-08","15",121,25,0,112
agent,,"2026-07-08","16",306,84,0,279
agent,,"2026-07-08","17",281,59,0,267
agent,,"2026-07-08","18",196,70,0,147
agent,,"2026-07-08","19",139,39,0,127
agent,,"2026-07-08","20",118,32,0,96
agent,,"2026-07-08","21",213,45,0,174
agent,,"2026-07-08","22",130,31,0,109
agent,,"2026-07-08","23",93,21,0,84
agent,,"2026-07-09","00",57,18,0,41
agent,,"2026-07-09","01",4,4,0,0
agent,,"2026-07-09","13",21,11,0,11
agent,,"2026-07-09","14",60,27,0,42
agent,,"2026-07-09","15",191,91,0,138
agent,,"2026-07-09","16",152,69,0,148
agent,,"2026-07-09","17",329,118,0,282
agent,,"2026-07-09","18",186,72,0,168
agent,,"2026-07-09","19",203,64,0,167
agent,,"2026-07-09","20",236,80,0,186
agent,,"2026-07-09","21",302,100,0,276
agent,,"2026-07-09","22",149,29,0,149
agent,,"2026-07-09","23",134,23,0,134
agent,,"2026-07-10","00",36,2,0,36
agent,,"2026-07-10","01",5,1,0,5
agent,,"2026-07-10","02",9,0,0,9
agent,,"2026-07-10","03",2,0,0,2
agent,,"2026-07-10","13",75,65,0,10
agent,,"2026-07-10","14",84,44,0,64
agent,,"2026-07-10","15",178,77,0,126
agent,,"2026-07-10","16",142,49,0,103
agent,,"2026-07-10","17",113,16,0,112
agent,,"2026-07-10","18",247,49,0,225
agent,,"2026-07-10","19",314,54,0,301
agent,,"2026-07-10","20",337,79,0,309
agent,,"2026-07-10","21",244,74,0,204
agent,,"2026-07-10","22",120,28,0,120
agent,,"2026-07-10","23",75,11,0,75
agent,,"2026-07-11","00",98,23,0,77
agent,,"2026-07-11","01",6,0,0,6
agent,,"2026-07-11","02",2,0,0,2
agent,,"2026-07-11","13",67,35,0,37
agent,,"2026-07-11","14",98,55,0,91
agent,,"2026-07-11","15",168,79,0,139
agent,,"2026-07-11","16",165,49,0,158
agent,,"2026-07-11","17",148,23,0,132
agent,,"2026-07-11","18",63,25,0,53
agent,,"2026-07-11","19",46,13,0,39
agent,,"2026-07-11","20",67,24,0,48
agent,,"2026-07-11","21",18,15,0,17
agent,,"2026-07-11","22",44,32,0,34
agent,,"2026-07-11","23",4,2,0,2
agent,,"2026-07-12","13",12,12,0,0
agent,,"2026-07-12","15",5,5,0,0
agent,,"2026-07-12","16",3,3,0,0
agent,,"2026-07-12","17",3,3,0,0
agent,,"2026-07-13","13",30,30,0,0
agent,,"2026-07-13","14",21,21,0,0
agent,,"2026-07-13","15",88,55,0,50
agent,,"2026-07-13","16",135,52,0,108
agent,,"2026-07-13","17",117,37,0,82
agent,,"2026-07-13","18",95,54,0,47
agent,,"2026-07-13","19",138,66,0,88
agent,,"2026-07-13","20",78,42,0,53
agent,,"2026-07-13","21",114,53,0,94
agent,,"2026-07-13","22",101,31,0,81
agent,,"2026-07-13","23",100,43,0,77
agent,,"2026-07-14","00",65,37,0,34
agent,,"2026-07-14","01",1,0,0,1
agent,,"2026-07-14","13",42,35,0,7
agent,,"2026-07-14","14",86,45,0,74
agent,,"2026-07-14","15",193,82,0,168
agent,,"2026-07-14","16",410,103,0,371
agent,,"2026-07-14","17",353,77,0,342
agent,,"2026-07-14","18",368,124,0,305
agent,,"2026-07-14","19",286,59,0,272
agent,,"2026-07-14","20",324,112,0,296
agent,,"2026-07-14","21",166,41,0,148
agent,,"2026-07-14","22",210,28,0,207
agent,,"2026-07-14","23",202,58,0,184
agent,,"2026-07-15","00",80,27,0,61
agent,,"2026-07-15","04",1,1,0,1
agent,,"2026-07-15","13",34,3,0,34
agent,,"2026-07-15","14",103,30,0,93
agent,,"2026-07-15","15",230,78,0,205
agent,,"2026-07-15","16",305,91,0,267
agent,,"2026-07-15","17",257,74,0,239
agent,,"2026-07-15","18",194,83,0,135
agent,,"2026-07-15","19",154,45,0,142
agent,,"2026-07-15","20",119,40,0,106
agent,,"2026-07-15","21",144,44,0,130
agent,,"2026-07-15","22",136,12,0,135
agent,,"2026-07-15","23",83,41,0,45
agent,,"2026-07-16","00",47,21,0,27
agent,,"2026-07-16","13",68,38,0,32
agent,,"2026-07-16","14",64,32,0,37
agent,,"2026-07-16","15",194,77,0,154
agent,,"2026-07-16","16",235,61,0,233
agent,,"2026-07-16","17",478,184,0,428
agent,,"2026-07-16","18",265,110,0,239
agent,,"2026-07-16","19",168,37,0,152
agent,,"2026-07-16","20",264,102,0,230
agent,,"2026-07-16","21",211,38,0,208
agent,,"2026-07-16","22",90,28,0,82
agent,,"2026-07-16","23",113,37,0,91
agent,,"2026-07-17","00",89,24,0,65
agent,,"2026-07-17","01",1,0,0,1
agent,,"2026-07-17","13",86,64,0,53
agent,,"2026-07-17","14",148,93,0,99
agent,,"2026-07-17","15",197,69,0,172
agent,,"2026-07-17","16",277,67,0,263
agent,,"2026-07-17","17",238,67,0,224
agent,,"2026-07-17","18",176,27,0,161
agent,,"2026-07-17","19",224,58,0,207
agent,,"2026-07-17","20",263,93,0,255
agent,,"2026-07-17","21",172,41,0,165
agent,,"2026-07-17","22",111,39,0,103
agent,,"2026-07-17","23",48,7,0,48
agent,,"2026-07-18","00",56,10,0,50
agent,,"2026-07-18","01",6,0,0,6
agent,,"2026-07-18","13",67,42,0,46
agent,,"2026-07-18","14",167,102,0,150
agent,,"2026-07-18","15",125,68,0,95
agent,,"2026-07-18","16",170,65,0,158
agent,,"2026-07-18","17",153,72,0,124
agent,,"2026-07-18","18",37,22,0,23
agent,,"2026-07-18","19",58,45,0,36
agent,,"2026-07-18","20",80,65,0,47
agent,,"2026-07-18","21",38,7,0,38
agent,,"2026-07-18","22",39,21,0,20
agent,,"2026-07-18","23",24,6,0,18
agent,,"2026-07-19","00",9,0,0,9
agent,,"2026-07-19","13",7,7,0,0
agent,,"2026-07-19","14",16,16,0,0
agent,,"2026-07-19","15",5,5,0,0
agent,,"2026-07-19","16",8,8,0,0
agent,,"2026-07-19","17",7,7,0,0
agent,,"2026-07-19","18",2,2,0,0
agent,,"2026-07-19","19",17,17,0,0
agent,,"2026-07-19","20",6,6,0,0
agent,,"2026-07-19","22",1,1,0,0
agent,,"2026-07-19","23",7,7,0,0
agent,,"2026-07-20","00",5,5,0,0
agent,,"2026-07-20","13",22,22,0,0
agent,,"2026-07-20","14",43,43,0,0
agent,,"2026-07-20","15",82,63,0,21
agent,,"2026-07-20","16",151,57,0,109
agent,,"2026-07-20","17",214,67,0,186
agent,,"2026-07-20","18",241,78,0,225
agent,,"2026-07-20","19",195,97,0,159
agent,,"2026-07-20","20",148,54,0,125
agent,,"2026-07-20","21",115,55,0,82
agent,,"2026-07-20","22",49,24,0,44
agent,,"2026-07-20","23",88,31,0,86
agent,,"2026-07-21","00",104,41,0,86
agent,,"2026-07-21","01",10,3,0,10
agent,,"2026-07-21","02",4,4,0,4
agent,,"2026-07-21","13",50,46,0,6
agent,,"2026-07-21","14",138,45,0,110
agent,,"2026-07-21","15",97,47,0,72
agent,,"2026-07-21","16",433,69,0,402
agent,,"2026-07-21","17",427,111,0,372
agent,,"2026-07-21","18",248,61,0,222
agent,,"2026-07-21","19",177,74,0,151
agent,,"2026-07-21","20",149,62,0,124
agent,,"2026-07-21","21",151,52,0,129
agent,,"2026-07-21","22",114,31,0,103
agent,,"2026-07-21","23",115,23,0,97
agent,,"2026-07-22","00",60,13,0,49
agent,,"2026-07-22","01",1,0,0,1
agent,,"2026-07-22","13",41,37,0,4
agent,,"2026-07-22","14",112,57,0,75
agent,,"2026-07-22","15",108,46,0,95
agent,,"2026-07-22","16",230,64,0,215
agent,,"2026-07-22","17",425,103,0,396
agent,,"2026-07-22","18",259,99,0,239
agent,,"2026-07-22","19",197,56,0,181
agent,,"2026-07-22","20",187,99,0,140
agent,,"2026-07-22","21",136,52,0,127
agent,,"2026-07-22","22",144,87,0,110
agent,,"2026-07-22","23",75,39,0,54
agent,,"2026-07-23","00",96,23,0,81
agent,,"2026-07-23","01",1,0,0,1
agent,,"2026-07-23","12",1,1,0,0
agent,,"2026-07-23","13",71,55,0,23
agent,,"2026-07-23","14",193,23,0,191
agent,,"2026-07-23","15",244,74,0,212
agent,,"2026-07-23","16",256,92,0,207
agent,,"2026-07-23","17",169,59,0,154
agent,,"2026-07-23","18",124,54,0,105
agent,,"2026-07-23","19",173,50,0,150
agent,,"2026-07-23","20",171,58,0,160
agent,,"2026-07-23","21",235,54,0,206
agent,,"2026-07-23","22",67,21,0,59
agent,,"2026-07-23","23",87,22,0,73
agent,,"2026-07-24","00",24,17,0,19
agent,,"2026-07-24","01",6,6,0,6
agent,,"2026-07-24","04",4,4,0,4
agent,,"2026-07-24","13",24,15,0,9
agent,,"2026-07-24","14",61,24,0,45
agent,,"2026-07-24","15",98,53,0,58
agent,,"2026-07-24","16",96,31,0,89
agent,,"2026-07-24","17",198,73,0,165
agent,,"2026-07-24","18",142,77,0,102
agent,,"2026-07-24","19",153,71,0,119
agent,,"2026-07-24","20",155,85,0,113
agent,,"2026-07-24","21",103,44,0,84
agent,,"2026-07-24","22",67,4,0,63
agent,,"2026-07-24","23",49,18,0,37
agent,,"2026-07-25","00",30,18,0,20
agent,,"2026-07-25","01",4,0,0,4
agent,,"2026-07-25","13",145,41,0,130
agent,,"2026-07-25","14",127,36,0,115
agent,,"2026-07-25","15",133,55,0,90
agent,,"2026-07-25","16",114,19,0,106
agent,,"2026-07-25","17",97,39,0,97
agent,,"2026-07-25","18",73,53,0,32
agent,,"2026-07-25","19",51,22,0,39
agent,,"2026-07-25","20",39,23,0,19
agent,,"2026-07-25","21",14,6,0,14
agent,,"2026-07-25","22",24,10,0,14
agent,,"2026-07-25","23",56,38,0,33
agent,,"2026-07-26","00",26,19,0,10
agent,,"2026-07-26","01",7,7,0,0
agent,,"2026-07-26","13",4,4,0,0
agent,,"2026-07-26","14",31,31,0,0
agent,,"2026-07-26","15",39,39,0,0
agent,,"2026-07-26","16",19,19,0,0
agent,,"2026-07-26","18",7,7,0,0
agent,,"2026-07-26","19",9,9,0,0
agent,,"2026-07-26","20",13,13,0,0
agent,,"2026-07-26","21",7,7,0,0
agent,,"2026-07-26","22",18,18,0,0
agent,,"2026-07-26","23",16,16,0,0
agent,,"2026-07-27","00",11,11,0,0
agent,,"2026-07-27","13",84,48,0,51
agent,,"2026-07-27","14",120,52,0,76
agent,,"2026-07-27","15",208,101,0,165
agent,,"2026-07-27","16",391,119,0,346
agent,,"2026-07-27","17",477,173,0,422
agent,,"2026-07-27","18",232,97,0,194
agent,,"2026-07-27","19",136,51,0,117
agent,,"2026-07-27","20",228,71,0,213
agent,,"2026-07-27","21",217,48,0,199
agent,,"2026-07-27","22",253,73,0,241
agent,,"2026-07-27","23",86,26,0,75
agent,,"2026-07-28","00",100,32,0,69
agent,,"2026-07-28","01",1,0,0,1
agent,,"2026-07-28","13",42,40,0,2
agent,,"2026-07-28","14",108,53,0,70
agent,,"2026-07-28","15",113,60,0,66
agent,,"2026-07-28","16",248,85,0,211
agent,,"2026-07-28","17",294,71,0,271
agent,,"2026-07-28","18",141,37,0,114
agent,,"2026-07-28","19",114,55,0,104
agent,,"2026-07-28","20",220,55,0,196
agent,,"2026-07-28","21",287,77,0,253
agent,,"2026-07-28","22",383,67,0,369
agent,,"2026-07-28","23",147,31,0,138
agent,,"2026-07-29","00",64,10,0,60
agent,,"2026-07-29","13",65,56,0,9
agent,,"2026-07-29","14",80,42,0,65
agent,,"2026-07-29","15",115,37,0,94
agent,,"2026-07-29","16",107,60,0,86
agent,,"2026-07-29","17",125,60,0,96
agent,,"2026-07-29","18",239,89,0,208
agent,,"2026-07-29","19",117,35,0,102
agent,,"2026-07-29","20",214,71,0,158
agent,,"2026-07-29","21",204,74,0,164
agent,,"2026-07-29","22",117,21,0,109
agent,,"2026-07-29","23",110,27,0,96
agent,,"2026-07-30","00",79,30,0,57
agent,,"2026-07-30","01",3,0,0,3
agent,,"2026-07-30","02",3,0,0,3
agent,,"2026-07-30","13",20,8,0,14
agent,,"2026-07-30","14",92,51,0,71
agent,,"2026-07-30","15",79,45,0,45
agent,,"2026-07-30","16",293,118,0,274
agent,,"2026-07-30","17",401,120,0,386
agent,,"2026-07-30","18",253,40,0,246
agent,,"2026-07-30","19",207,66,0,165
agent,,"2026-07-30","20",260,114,0,246
agent,,"2026-07-30","21",188,73,0,168
agent,,"2026-07-30","22",139,54,0,133
agent,,"2026-07-30","23",137,65,0,103
agent,,"2026-07-31","00",108,53,0,90
agent,,"2026-07-31","01",10,1,0,10
agent,,"2026-07-31","02",3,0,0,3
agent,,"2026-07-31","13",83,68,0,22
agent,,"2026-07-31","14",56,39,0,26
agent,,"2026-07-31","15",117,53,0,99
agent,,"2026-07-31","16",187,67,0,181
agent,,"2026-07-31","17",233,54,0,227
agent,,"2026-07-31","18",148,60,0,109
agent,,"2026-07-31","19",178,104,0,150
agent,,"2026-07-31","20",183,47,0,160
agent,,"2026-07-31","21",127,31,0,119
agent,,"2026-07-31","22",83,31,0,66
agent,,"2026-07-31","23",122,65,0,84
agent,,"2026-08-01","00",68,32,0,48
agent,,"2026-08-01","01",4,0,0,4
agent,,"2026-08-01","13",43,36,0,22
agent,,"2026-08-01","14",88,73,0,43
agent,,"2026-08-01","15",139,66,0,139
agent,,"2026-08-01","16",190,82,0,170
agent,,"2026-08-01","17",107,71,0,67
agent,,"2026-08-01","18",101,40,0,81
agent,,"2026-08-01","19",94,44,0,62
agent,,"2026-08-01","20",66,47,0,22
agent,,"2026-08-01","21",8,8,0,0
agent,,"2026-08-01","22",18,18,0,11
agent,,"2026-08-01","23",9,9,0,2
agent,,"2026-08-02","00",5,5,0,0
agent,,"2026-08-02","14",1,1,0,0
agent,,"2026-08-02","15",12,12,0,0
agent,,"2026-08-02","16",4,4,0,0
agent,,"2026-08-02","17",19,17,0,2
agent,,"2026-08-02","18",10,10,0,0
agent,,"2026-08-02","19",13,3,0,13
agent,,"2026-08-02","20",47,47,0,1
agent,,"2026-08-02","21",7,7,0,0
agent,,"2026-08-02","22",7,7,0,0
agent,,"2026-08-02","23",6,6,0,0
agent,,"2026-08-03","00",27,27,0,0
agent,,"2026-08-03","13",63,23,0,49
agent,,"2026-08-03","14",149,46,0,129
agent,,"2026-08-03","15",187,79,0,149
agent,,"2026-08-03","16",275,109,0,232
agent,,"2026-08-03","17",240,128,0,215
agent,,"2026-08-03","18",200,78,0,162
agent,,"2026-08-03","19",200,53,0,199
agent,,"2026-08-03","20",437,158,0,390
agent,,"2026-08-03","21",376,127,0,355
agent,,"2026-08-03","22",241,85,0,226
agent,,"2026-08-03","23",219,98,0,191
agent,,"2026-08-04","00",101,67,0,79
agent,,"2026-08-04","01",12,4,0,12
agent,,"2026-08-04","13",75,32,0,52
agent,,"2026-08-04","14",166,58,0,141
agent,,"2026-08-04","15",188,86,0,149
agent,,"2026-08-04","16",193,87,0,148
agent,,"2026-08-04","17",197,73,0,165
agent,,"2026-08-04","18",164,45,0,148
agent,,"2026-08-04","19",299,109,0,268
agent,,"2026-08-04","20",337,122,0,286
agent,,"2026-08-04","21",238,84,0,225
agent,,"2026-08-04","22",195,39,0,184
agent,,"2026-08-04","23",138,67,0,117
agent,,"2026-08-05","00",109,42,0,104
agent,,"2026-08-05","01",1,0,0,1
agent,,"2026-08-05","05",4,2,0,4
agent,,"2026-08-05","13",70,29,0,49
agent,,"2026-08-05","14",55,8,0,53
agent,,"2026-08-05","15",122,39,0,106
agent,,"2026-08-05","16",219,56,0,200
agent,,"2026-08-05","17",244,64,0,220
agent,,"2026-08-05","18",174,58,0,138
agent,,"2026-08-05","19",353,74,0,341
agent,,"2026-08-05","20",311,99,0,289
agent,,"2026-08-05","21",86,28,0,80
agent,,"2026-08-05","22",120,57,0,109
agent,,"2026-08-05","23",135,53,0,128
agent,,"2026-08-06","00",45,9,0,40
agent,,"2026-08-06","01",4,0,0,4
agent,,"2026-08-06","02",2,2,0,2
agent,,"2026-08-06","13",23,4,0,21
agent,,"2026-08-06","14",94,25,0,91
agent,,"2026-08-06","15",230,92,0,196
agent,,"2026-08-06","16",235,117,0,186
agent,,"2026-08-06","17",181,48,0,158
agent,,"2026-08-06","18",213,109,0,122
agent,,"2026-08-06","19",158,39,0,145
agent,,"2026-08-06","20",304,94,0,273
agent,,"2026-08-06","21",262,105,0,231
agent,,"2026-08-06","22",159,40,0,138
agent,,"2026-08-06","23",54,21,0,38
agent,,"2026-08-07","00",94,25,0,74
agent,,"2026-08-07","01",27,2,0,25
agent,,"2026-08-07","02",14,3,0,14
agent,,"2026-08-07","13",14,14,0,0
agent,,"2026-08-07","14",17,17,0,0
agent,,"2026-08-07","15",69,51,0,20
agent,,"2026-08-07","16",89,39,0,59
agent,,"2026-08-07","17",137,59,0,93
agent,,"2026-08-07","18",143,97,0,73
agent,,"2026-08-07","19",45,11,0,34
agent,,"2026-08-07","20",81,8,0,77
agent,,"2026-08-07","21",136,46,0,104
agent,,"2026-08-07","22",86,28,0,60
agent,,"2026-08-07","23",76,16,0,60
agent,,"2026-08-08","00",29,0,0,29
agent,,"2026-08-08","01",12,0,0,12
agent,,"2026-08-08","02",4,2,0,4
agent,,"2026-08-08","12",2,0,0,2
agent,,"2026-08-08","13",96,38,0,67
agent,,"2026-08-08","14",147,67,0,110
agent,,"2026-08-08","15",172,43,0,166
agent,,"2026-08-08","16",132,52,0,100
agent,,"2026-08-08","17",148,74,0,97
agent,,"2026-08-08","18",59,35,0,42
agent,,"2026-08-08","19",93,43,0,59
agent,,"2026-08-08","20",62,49,0,35
agent,,"2026-08-08","21",21,3,0,21
agent,,"2026-08-08","22",11,0,0,11
agent,,"2026-08-08","23",70,32,0,54
agent,,"2026-08-09","00",40,26,0,14
agent,,"2026-08-09","01",11,10,0,1
agent,,"2026-08-09","14",1,1,0,0
agent,,"2026-08-09","15",3,3,0,0
agent,,"2026-08-09","16",12,12,0,0
agent,,"2026-08-09","17",18,18,0,0
agent,,"2026-08-09","18",12,12,0,0
agent,,"2026-08-09","19",19,19,0,0
agent,,"2026-08-09","20",6,6,0,0
agent,,"2026-08-09","21",2,2,0,0
agent,,"2026-08-10","13",22,20,0,2
agent,,"2026-08-10","14",43,29,0,21
agent,,"2026-08-10","15",41,30,0,12
agent,,"2026-08-10","16",173,70,0,113
agent,,"2026-08-10","17",178,65,0,143
agent,,"2026-08-10","18",120,44,0,94
agent,,"2026-08-10","19",126,29,0,126
agent,,"2026-08-10","20",153,57,0,135
agent,,"2026-08-10","21",205,62,0,188
agent,,"2026-08-10","22",187,74,0,160
agent,,"2026-08-10","23",108,46,0,90
agent,,"2026-08-11","00",108,54,0,75
agent,,"2026-08-11","01",19,6,0,19
agent,,"2026-08-11","02",13,11,0,13
agent,,"2026-08-11","13",48,40,0,8
agent,,"2026-08-11","14",36,17,0,20
agent,,"2026-08-11","15",113,48,0,95
agent,,"2026-08-11","16",167,60,0,112
agent,,"2026-08-11","17",128,47,0,93
agent,,"2026-08-11","18",125,58,0,83
agent,,"2026-08-11","19",170,76,0,152
agent,,"2026-08-11","20",191,71,0,142
agent,,"2026-08-11","21",125,42,0,103
agent,,"2026-08-11","22",143,52,0,118
agent,,"2026-08-11","23",78,24,0,71
agent,,"2026-08-12","00",42,24,0,38
agent,,"2026-08-12","01",15,13,0,3
agent,,"2026-08-12","13",50,42,0,18
agent,,"2026-08-12","14",31,8,0,31
agent,,"2026-08-12","15",158,51,0,158
agent,,"2026-08-12","16",136,33,0,130
agent,,"2026-08-12","17",129,52,0,111
agent,,"2026-08-12","18",89,40,0,74
agent,,"2026-08-12","19",104,42,0,87
agent,,"2026-08-12","20",266,52,0,254
agent,,"2026-08-12","21",175,52,0,157
agent,,"2026-08-12","22",114,21,0,105
agent,,"2026-08-12","23",98,32,0,85
agent,,"2026-08-13","00",84,18,0,80
agent,,"2026-08-13","01",16,3,0,16
agent,,"2026-08-13","02",17,8,0,17
agent,,"2026-08-13","13",26,19,0,7
agent,,"2026-08-13","14",91,49,0,53
agent,,"2026-08-13","15",104,49,0,69
agent,,"2026-08-13","16",238,109,0,186
agent,,"2026-08-13","17",138,41,0,130
agent,,"2026-08-13","18",135,69,0,104
agent,,"2026-08-13","19",186,56,0,173
agent,,"2026-08-13","20",139,73,0,94
agent,,"2026-08-13","21",159,39,0,154
agent,,"2026-08-13","22",92,30,0,88
agent,,"2026-08-13","23",107,19,0,93
agent,,"2026-08-14","00",80,54,0,67
agent,,"2026-08-14","01",9,1,0,9
agent,,"2026-08-14","02",16,0,0,16
agent,,"2026-08-14","13",47,38,0,17
agent,,"2026-08-14","14",48,12,0,36
agent,,"2026-08-14","15",88,27,0,75
agent,,"2026-08-14","16",66,22,0,58
agent,,"2026-08-14","17",31,21,0,10
agent,,"2026-08-14","18",59,43,0,27
agent,,"2026-08-14","19",118,42,0,101
agent,,"2026-08-14","20",162,70,0,137
agent,,"2026-08-14","21",138,65,0,91
agent,,"2026-08-14","22",34,11,0,32
agent,,"2026-08-14","23",57,14,0,43
agent,,"2026-08-15","00",28,13,0,15
agent,,"2026-08-15","13",54,28,0,34
agent,,"2026-08-15","14",116,38,0,88
agent,,"2026-08-15","15",85,34,0,55
agent,,"2026-08-15","16",94,46,0,86
agent,,"2026-08-15","17",66,49,0,50
agent,,"2026-08-15","18",87,61,0,51
agent,,"2026-08-15","19",42,17,0,34
agent,,"2026-08-15","20",71,34,0,43
agent,,"2026-08-15","21",13,4,0,9
agent,,"2026-08-15","22",33,15,0,18
agent,,"2026-08-15","23",45,27,0,24
agent,,"2026-08-16","00",13,4,0,9
agent,,"2026-08-16","14",9,9,0,0
agent,,"2026-08-16","15",32,32,0,0
agent,,"2026-08-16","16",1,1,0,0
agent,,"2026-08-16","17",23,23,0,0
agent,,"2026-08-16","19",12,12,0,0
agent,,"2026-08-16","20",1,1,0,0
agent,,"2026-08-17","13",29,29,0,0
agent,,"2026-08-17","14",8,8,0,0
agent,,"2026-08-17","15",44,44,0,5
agent,,"2026-08-17","16",43,17,0,26
agent,,"2026-08-17","17",62,31,0,38
agent,,"2026-08-17","18",72,20,0,62
agent,,"2026-08-17","19",56,13,0,56
agent,,"2026-08-17","20",83,42,0,60
agent,,"2026-08-17","21",69,33,0,43
agent,,"2026-08-17","22",104,26,0,83
agent,,"2026-08-17","23",56,20,0,39
agent,,"2026-08-18","00",46,18,0,31
agent,,"2026-08-18","01",11,8,0,3
agent,,"2026-08-18","13",29,14,0,16
agent,,"2026-08-18","14",156,86,0,98
agent,,"2026-08-18","15",396,151,0,355
agent,,"2026-08-18","16",288,94,0,277
agent,,"2026-08-18","17",207,54,0,180
agent,,"2026-08-18","18",173,47,0,165
agent,,"2026-08-18","19",154,32,0,143
agent,,"2026-08-18","20",244,63,0,225
agent,,"2026-08-18","21",212,85,0,179
agent,,"2026-08-18","22",156,68,0,148
agent,,"2026-08-18","23",105,29,0,102
agent,,"2026-08-19","00",66,20,0,46
agent,,"2026-08-19","01",2,0,0,2
agent,,"2026-08-19","02",11,0,0,11
agent,,"2026-08-19","04",5,0,0,5
agent,,"2026-08-19","05",2,0,0,2
agent,,"2026-08-19","13",46,20,0,26
agent,,"2026-08-19","14",105,52,0,68
agent,,"2026-08-19","15",79,21,0,73
agent,,"2026-08-19","16",193,38,0,177
agent,,"2026-08-19","17",366,74,0,357
agent,,"2026-08-19","18",237,41,0,216
agent,,"2026-08-19","19",126,27,0,119
agent,,"2026-08-19","20",266,113,0,217
agent,,"2026-08-19","21",254,73,0,228
agent,,"2026-08-19","22",81,26,0,77
agent,,"2026-08-19","23",82,33,0,49
agent,,"2026-08-20","00",20,8,0,19
agent,,"2026-08-20","01",11,10,0,2
agent,,"2026-08-20","13",30,10,0,25
agent,,"2026-08-20","14",81,48,0,44
agent,,"2026-08-20","15",121,56,0,100
agent,,"2026-08-20","16",161,53,0,132
agent,,"2026-08-20","17",150,47,0,121
agent,,"2026-08-20","18",94,27,0,77
agent,,"2026-08-20","19",146,36,0,145
agent,,"2026-08-20","20",259,98,0,228
agent,,"2026-08-20","21",143,40,0,112
agent,,"2026-08-20","22",136,19,0,128
agent,,"2026-08-20","23",145,50,0,117
agent,,"2026-08-21","00",43,15,0,41
agent,,"2026-08-21","13",56,44,0,28
agent,,"2026-08-21","14",132,44,0,102
agent,,"2026-08-21","15",189,81,0,160
agent,,"2026-08-21","16",300,158,0,244
agent,,"2026-08-21","17",162,75,0,125
agent,,"2026-08-21","18",107,28,0,86
agent,,"2026-08-21","19",124,31,0,111
agent,,"2026-08-21","20",121,17,0,115
agent,,"2026-08-21","21",298,69,0,282
agent,,"2026-08-21","22",263,59,0,254
agent,,"2026-08-21","23",511,160,0,500
agent,,"2026-08-22","00",470,130,0,466
agent,,"2026-08-22","01",229,35,0,229
agent,,"2026-08-22","02",241,56,0,241
agent,,"2026-08-22","03",148,43,0,148
agent,,"2026-08-22","12",1,0,0,1
agent,,"2026-08-22","13",36,19,0,22
agent,,"2026-08-22","14",140,26,0,130
agent,,"2026-08-22","15",162,56,0,129
agent,,"2026-08-22","16",202,40,0,200
agent,,"2026-08-22","17",481,128,0,448
agent,,"2026-08-22","18",500,140,0,464
agent,,"2026-08-22","19",283,70,0,266
agent,,"2026-08-22","20",127,39,0,103
agent,,"2026-08-22","21",183,57,0,183
agent,,"2026-08-22","22",144,52,0,122
agent,,"2026-08-22","23",93,34,0,81
agent,,"2026-08-23","00",119,69,0,69
agent,,"2026-08-23","01",48,3,0,46
agent,,"2026-08-23","02",15,3,0,15
agent,,"2026-08-23","13",26,26,0,0
agent,,"2026-08-23","14",26,26,0,0
agent,,"2026-08-23","15",20,20,0,0
agent,,"2026-08-23","16",19,19,0,0
agent,,"2026-08-23","17",12,12,0,0
agent,,"2026-08-23","19",30,30,0,0
agent,,"2026-08-23","20",12,12,0,0
agent,,"2026-08-24","13",61,29,0,42
agent,,"2026-08-24","14",89,47,0,73
agent,,"2026-08-24","15",163,77,0,119
agent,,"2026-08-24","16",258,120,0,189
agent,,"2026-08-24","17",252,67,0,223
agent,,"2026-08-24","18",647,149,0,601
agent,,"2026-08-24","19",865,171,0,864
agent,,"2026-08-24","20",731,205,0,708
agent,,"2026-08-24","21",568,131,0,541
agent,,"2026-08-24","22",302,52,0,287
agent,,"2026-08-24","23",450,98,0,433
agent,,"2026-08-25","00",551,132,0,551
agent,,"2026-08-25","01",388,52,0,388
agent,,"2026-08-25","02",188,32,0,188
agent,,"2026-08-25","03",33,0,0,33
agent,,"2026-08-25","13",14,11,0,3
agent,,"2026-08-25","14",115,61,0,57
agent,,"2026-08-25","15",250,85,0,203
agent,,"2026-08-25","16",444,130,0,420
agent,,"2026-08-25","17",592,140,0,578
agent,,"2026-08-25","18",567,140,0,538
agent,,"2026-08-25","19",568,165,0,547
agent,,"2026-08-25","20",475,119,0,446
agent,,"2026-08-25","21",337,90,0,310
agent,,"2026-08-25","22",260,60,0,241
agent,,"2026-08-25","23",131,16,0,123
agent,,"2026-08-26","00",323,51,0,323
agent,,"2026-08-26","01",359,70,0,359
agent,,"2026-08-26","02",178,21,0,178
agent,,"2026-08-26","03",44,3,0,44
agent,,"2026-08-26","13",33,10,0,23
agent,,"2026-08-26","14",61,40,0,22
agent,,"2026-08-26","15",95,40,0,67
agent,,"2026-08-26","16",264,70,0,223
agent,,"2026-08-26","17",385,77,0,358
agent,,"2026-08-26","18",187,42,0,169
agent,,"2026-08-26","19",604,138,0,591
agent,,"2026-08-26","20",804,209,0,785
agent,,"2026-08-26","21",394,122,0,381
agent,,"2026-08-26","22",320,80,0,295
agent,,"2026-08-26","23",445,113,0,432
agent,,"2026-08-27","00",423,103,0,417
agent,,"2026-08-27","01",319,51,0,318
agent,,"2026-08-27","02",120,18,0,120
agent,,"2026-08-27","03",28,2,0,28
agent,,"2026-08-27","13",67,51,0,22
agent,,"2026-08-27","14",76,39,0,64
agent,,"2026-08-27","15",181,76,0,136
agent,,"2026-08-27","16",212,74,0,178
agent,,"2026-08-27","17",217,80,0,175
agent,,"2026-08-27","18",494,84,0,481
agent,,"2026-08-27","19",508,102,0,489
agent,,"2026-08-27","20",567,108,0,536
agent,,"2026-08-27","21",512,139,0,487
agent,,"2026-08-27","22",317,86,0,303
agent,,"2026-08-27","23",428,110,0,400
agent,,"2026-08-28","00",491,139,0,488
agent,,"2026-08-28","01",125,50,0,125
agent,,"2026-08-28","02",21,7,0,21
agent,,"2026-08-28","13",75,37,0,38
agent,,"2026-08-28","14",499,142,0,456
agent,,"2026-08-28","15",646,159,0,631
agent,,"2026-08-28","16",598,174,0,549
agent,,"2026-08-28","17",597,135,0,563
agent,,"2026-08-28","18",654,165,0,630
agent,,"2026-08-28","19",823,151,0,808
agent,,"2026-08-28","20",296,48,0,278
agent,,"2026-08-28","21",695,176,0,667
agent,,"2026-08-28","22",474,98,0,466
agent,,"2026-08-28","23",260,47,0,245
agent,,"2026-08-29","00",368,57,0,366
agent,,"2026-08-29","01",200,48,0,198
agent,,"2026-08-29","02",97,14,0,97
agent,,"2026-08-29","03",66,39,0,66
agent,,"2026-08-29","13",83,54,0,47
agent,,"2026-08-29","14",115,59,0,72
agent,,"2026-08-29","15",194,53,0,159
agent,,"2026-08-29","16",620,129,0,593
agent,,"2026-08-29","17",569,120,0,546
agent,,"2026-08-29","18",284,61,0,267
agent,,"2026-08-29","19",317,61,0,311
agent,,"2026-08-29","20",520,163,0,505
agent,,"2026-08-29","21",356,99,0,335
agent,,"2026-08-29","22",233,69,0,211
agent,,"2026-08-29","23",118,19,0,105
agent,,"2026-08-30","00",122,23,0,107
agent,,"2026-08-30","01",83,5,0,83
agent,,"2026-08-30","02",57,2,0,57
agent,,"2026-08-30","14",15,15,0,0
agent,,"2026-08-30","15",28,28,0,0
agent,,"2026-08-30","17",482,106,0,475
agent,,"2026-08-30","18",590,158,0,590
agent,,"2026-08-30","19",650,133,0,645
agent,,"2026-08-30","20",350,70,0,342
agent,,"2026-08-30","21",166,23,0,163
agent,,"2026-08-30","22",101,12,0,101
agent,,"2026-08-30","23",67,19,0,61
agent,,"2026-08-31","00",11,11,0,0
agent,,"2026-08-31","13",26,21,0,18
agent,,"2026-08-31","14",99,55,0,81
agent,,"2026-08-31","15",190,61,0,167
agent,,"2026-08-31","16",318,76,0,276
agent,,"2026-08-31","17",438,67,0,432
agent,,"2026-08-31","18",680,163,0,646
agent,,"2026-08-31","19",908,205,0,908
agent,,"2026-08-31","20",607,128,0,573
agent,,"2026-08-31","21",952,197,0,932
agent,,"2026-08-31","22",1084,205,0,1077
agent,,"2026-08-31","23",774,141,0,752
agent,,"2026-09-01","00",405,91,0,386
agent,,"2026-09-01","01",342,42,0,342
agent,,"2026-09-01","02",204,39,0,204
agent,,"2026-09-01","03",91,26,0,91
agent,,"2026-09-01","13",47,41,0,18
agent,,"2026-09-01","14",113,29,0,93
agent,,"2026-09-01","15",195,67,0,161
agent,,"2026-09-01","16",409,142,0,403
agent,,"2026-09-01","17",864,239,0,806
agent,,"2026-09-01","18",655,137,0,627
agent,,"2026-09-01","19",1144,266,0,1120
agent,,"2026-09-01","20",796,174,0,768
agent,,"2026-09-01","21",548,142,0,523
agent,,"2026-09-01","22",661,156,0,634
agent,,"2026-09-01","23",485,100,0,458
agent,,"2026-09-02","00",505,108,0,482
agent,,"2026-09-02","01",244,55,0,242
agent,,"2026-09-02","02",393,67,0,393
agent,,"2026-09-02","03",258,41,0,258
agent,,"2026-09-02","04",6,0,0,6
agent,,"2026-09-02","13",63,30,0,34
agent,,"2026-09-02","14",150,89,0,84
agent,,"2026-09-02","15",447,129,0,411
agent,,"2026-09-02","16",806,183,0,767
agent,,"2026-09-02","17",1427,302,0,1395
agent,,"2026-09-02","18",1008,184,0,982
agent,,"2026-09-02","19",538,128,0,508
agent,,"2026-09-02","20",796,182,0,776
agent,,"2026-09-02","21",743,171,0,726
agent,,"2026-09-02","22",541,142,0,536
agent,,"2026-09-02","23",612,126,0,596
agent,,"2026-09-03","00",426,68,0,423
agent,,"2026-09-03","01",385,44,0,385
agent,,"2026-09-03","02",222,31,0,222
agent,,"2026-09-03","03",155,24,0,155
agent,,"2026-09-03","13",36,23,0,15
agent,,"2026-09-03","14",51,35,0,30
agent,,"2026-09-03","15",168,69,0,113
agent,,"2026-09-03","16",328,112,0,256
agent,,"2026-09-03","17",1239,221,0,1199
agent,,"2026-09-03","18",759,181,0,710
agent,,"2026-09-03","19",672,128,0,651
agent,,"2026-09-03","20",1209,243,0,1187
agent,,"2026-09-03","21",818,211,0,794
agent,,"2026-09-03","22",601,124,0,601
agent,,"2026-09-03","23",506,64,0,492
agent,,"2026-09-04","00",779,155,0,776
agent,,"2026-09-04","01",356,49,0,356
agent,,"2026-09-04","02",179,23,0,179
agent,,"2026-09-04","03",117,15,0,117
agent,,"2026-09-04","04",6,4,0,6
agent,,"2026-09-04","13",73,67,0,6
agent,,"2026-09-04","14",154,48,0,127
agent,,"2026-09-04","15",880,209,0,866
agent,,"2026-09-04","16",1325,270,0,1283
agent,,"2026-09-04","17",1167,226,0,1137
agent,,"2026-09-04","18",1033,200,0,988
agent,,"2026-09-04","19",600,142,0,600
agent,,"2026-09-04","20",557,130,0,557
agent,,"2026-09-04","21",454,97,0,454
agent,,"2026-09-04","22",552,107,0,552
agent,,"2026-09-04","23",562,95,0,562
agent,,"2026-09-05","00",889,192,0,889
agent,,"2026-09-05","01",307,48,0,307
agent,,"2026-09-05","02",251,52,0,251
agent,,"2026-09-05","03",106,6,0,106
agent,,"2026-09-05","04",2,0,0,2
agent,,"2026-09-05","13",83,52,0,56
agent,,"2026-09-05","14",146,67,0,106
agent,,"2026-09-05","15",251,96,0,221
agent,,"2026-09-05","16",549,111,0,538
agent,,"2026-09-05","17",575,99,0,544
agent,,"2026-09-05","18",297,49,0,268
agent,,"2026-09-05","19",302,41,0,295
agent,,"2026-09-05","20",916,149,0,907
agent,,"2026-09-05","21",451,40,0,451
agent,,"2026-09-05","22",467,96,0,460
agent,,"2026-09-05","23",579,131,0,565
agent,,"2026-09-06","00",407,89,0,394
agent,,"2026-09-06","01",299,83,0,291
agent,,"2026-09-06","02",328,61,0,328
agent,,"2026-09-06","03",55,4,0,55
agent,,"2026-09-06","13",29,29,0,0
agent,,"2026-09-06","14",17,17,0,0
agent,,"2026-09-06","15",22,2,0,22
agent,,"2026-09-06","16",121,19,0,120
agent,,"2026-09-06","17",940,217,0,906
agent,,"2026-09-06","18",1317,339,0,1284
agent,,"2026-09-06","19",567,102,0,559
agent,,"2026-09-06","20",367,90,0,328
agent,,"2026-09-06","21",249,46,0,234
agent,,"2026-09-06","22",226,62,0,215
agent,,"2026-09-06","23",229,43,0,228
agent,,"2026-09-07","00",62,15,0,51
agent,,"2026-09-07","01",3,1,0,3
agent,,"2026-09-07","13",29,24,0,5
agent,,"2026-09-07","14",137,41,0,118
agent,,"2026-09-07","15",492,130,0,416
agent,,"2026-09-07","16",965,280,0,890
agent,,"2026-09-07","17",1231,336,0,1187
agent,,"2026-09-07","18",764,213,0,707
agent,,"2026-09-07","19",576,132,0,576
agent,,"2026-09-07","20",788,197,0,763
agent,,"2026-09-07","21",892,226,0,850
agent,,"2026-09-07","22",736,162,0,713
agent,,"2026-09-07","23",663,137,0,638
agent,,"2026-09-08","00",623,155,0,593
agent,,"2026-09-08","01",566,142,0,566
agent,,"2026-09-08","02",213,56,0,213
agent,,"2026-09-08","03",146,27,0,146
agent,,"2026-09-08","13",28,19,0,9
agent,,"2026-09-08","14",73,47,0,30
agent,,"2026-09-08","15",556,150,0,536
agent,,"2026-09-08","16",298,128,0,228
agent,,"2026-09-08","17",943,237,0,877
agent,,"2026-09-08","18",981,201,0,968
agent,,"2026-09-08","19",638,187,0,604
agent,,"2026-09-08","20",647,220,0,618
agent,,"2026-09-08","21",438,81,0,425
agent,,"2026-09-08","22",719,161,0,697
agent,,"2026-09-08","23",947,238,0,924
agent,,"2026-09-09","00",1023,232,0,998
agent,,"2026-09-09","01",693,136,0,693
agent,,"2026-09-09","02",401,91,0,401
agent,,"2026-09-09","03",224,36,0,224
agent,,"2026-09-09","04",3,0,0,3
agent,,"2026-09-09","13",29,26,0,3
agent,,"2026-09-09","14",92,27,0,72
agent,,"2026-09-09","15",367,65,0,365
agent,,"2026-09-09","16",550,151,0,502
agent,,"2026-09-09","17",1211,234,0,1207
agent,,"2026-09-09","18",828,162,0,800
agent,,"2026-09-09","19",485,93,0,482
agent,,"2026-09-09","20",678,139,0,669
agent,,"2026-09-09","21",379,96,0,369
agent,,"2026-09-09","22",656,134,0,642
agent,,"2026-09-09","23",734,145,0,721
agent,,"2026-09-10","00",595,85,0,595
agent,,"2026-09-10","01",279,32,0,279
agent,,"2026-09-10","02",98,18,0,98
agent,,"2026-09-10","03",121,29,0,121
agent,,"2026-09-10","13",26,10,0,18
agent,,"2026-09-10","14",163,50,0,156
agent,,"2026-09-10","15",423,128,0,384
agent,,"2026-09-10","16",1025,210,0,989
agent,,"2026-09-10","17",1396,359,0,1337
agent,,"2026-09-10","18",1295,257,0,1251
agent,,"2026-09-10","19",1238,227,0,1218
agent,,"2026-09-10","20",1094,249,0,1077
agent,,"2026-09-10","21",688,163,0,682
agent,,"2026-09-10","22",631,105,0,626
agent,,"2026-09-10","23",605,98,0,604
agent,,"2026-09-11","00",619,124,0,608
agent,,"2026-09-11","01",300,35,0,299
agent,,"2026-09-11","02",197,12,0,197
agent,,"2026-09-11","03",178,23,0,178
agent,,"2026-09-11","04",2,0,0,2
agent,,"2026-09-11","12",11,4,0,11
agent,,"2026-09-11","13",77,25,0,69
agent,,"2026-09-11","14",136,44,0,130
agent,,"2026-09-11","15",604,209,0,552
agent,,"2026-09-11","16",1391,293,0,1357
agent,,"2026-09-11","17",1848,414,0,1831
agent,,"2026-09-11","18",1673,401,0,1636
agent,,"2026-09-11","19",1393,311,0,1381
agent,,"2026-09-11","20",1049,268,0,1043
agent,,"2026-09-11","21",714,171,0,709
agent,,"2026-09-11","22",306,59,0,306
agent,,"2026-09-11","23",482,60,0,480
agent,,"2026-09-12","00",471,65,0,465
agent,,"2026-09-12","01",327,50,0,327
agent,,"2026-09-12","02",301,58,0,301
agent,,"2026-09-12","03",207,34,0,207
agent,,"2026-09-12","12",6,0,0,6
agent,,"2026-09-12","13",73,4,0,73
agent,,"2026-09-12","14",134,43,0,106
agent,,"2026-09-12","15",384,104,0,365
agent,,"2026-09-12","16",2105,522,0,2085
agent,,"2026-09-12","17",1645,450,0,1621
agent,,"2026-09-12","18",793,275,0,772
agent,,"2026-09-12","19",699,177,0,668
agent,,"2026-09-12","20",553,154,0,553
agent,,"2026-09-12","21",311,72,0,311
agent,,"2026-09-12","22",550,168,0,522
agent,,"2026-09-12","23",572,140,0,554
agent,,"2026-09-13","00",432,103,0,419
agent,,"2026-09-13","01",340,74,0,340
agent,,"2026-09-13","02",167,27,0,167
agent,,"2026-09-13","03",50,8,0,50
agent,,"2026-09-13","04",5,0,0,5
agent,,"2026-09-13","13",19,19,0,0
agent,,"2026-09-13","14",30,30,0,0
agent,,"2026-09-13","15",15,12,0,3
agent,,"2026-09-13","16",182,39,0,182
agent,,"2026-09-13","17",509,151,0,493
agent,,"2026-09-13","18",412,141,0,361
agent,,"2026-09-13","19",345,106,0,339
agent,,"2026-09-13","20",455,142,0,420
agent,,"2026-09-13","21",349,127,0,334
agent,,"2026-09-13","22",163,55,0,143
agent,,"2026-09-13","23",129,44,0,97
agent,,"2026-09-14","00",4,2,0,2
agent,,"2026-09-14","13",47,41,0,6
agent,,"2026-09-14","14",311,104,0,282
agent,,"2026-09-14","15",683,177,0,673
agent,,"2026-09-14","16",1540,354,0,1479
agent,,"2026-09-14","17",1524,416,0,1491
agent,,"2026-09-14","18",1941,436,0,1924
agent,,"2026-09-14","19",1942,464,0,1934
agent,,"2026-09-14","20",1446,261,0,1427
agent,,"2026-09-14","21",1555,331,0,1507
agent,,"2026-09-14","22",1140,214,0,1134
agent,,"2026-09-14","23",1218,229,0,1203
agent,,"2026-09-15","00",596,144,0,565
agent,,"2026-09-15","01",444,98,0,440
agent,,"2026-09-15","02",337,62,0,337
agent,,"2026-09-15","03",282,102,0,282
agent,,"2026-09-15","04",1,0,0,1
agent,,"2026-09-15","13",44,35,0,22
agent,,"2026-09-15","14",156,93,0,102
agent,,"2026-09-15","15",529,110,0,523
agent,,"2026-09-15","16",1443,373,0,1409
agent,,"2026-09-15","17",908,199,0,887
agent,,"2026-09-15","18",1157,274,0,1111
agent,,"2026-09-15","19",1478,393,0,1450
agent,,"2026-09-15","20",1141,289,0,1133
agent,,"2026-09-15","21",1078,270,0,1041
agent,,"2026-09-15","22",1401,318,0,1386
agent,,"2026-09-15","23",1015,236,0,981
agent,,"2026-09-16","00",811,168,0,807
agent,,"2026-09-16","01",409,54,0,409
agent,,"2026-09-16","02",238,39,0,238
agent,,"2026-09-16","03",108,14,0,108
agent,,"2026-09-16","13",61,26,0,39
agent,,"2026-09-16","14",64,24,0,41
agent,,"2026-09-16","15",109,63,0,78
agent,,"2026-09-16","16",298,78,0,257
agent,,"2026-09-16","17",615,182,0,567
agent,,"2026-09-16","18",605,145,0,566
agent,,"2026-09-16","19",523,116,0,516
agent,,"2026-09-16","20",443,111,0,414
agent,,"2026-09-16","21",439,106,0,408
agent,,"2026-09-16","22",260,40,0,252
agent,,"2026-09-16","23",324,119,0,305
agent,,"2026-09-17","00",243,71,0,240
agent,,"2026-09-17","01",100,18,0,100
agent,,"2026-09-17","02",100,21,0,100
agent,,"2026-09-17","03",17,5,0,17
agent,,"2026-09-17","13",43,30,0,13
agent,,"2026-09-17","14",181,55,0,146
agent,,"2026-09-17","15",355,58,0,339
agent,,"2026-09-17","16",585,102,0,554
agent,,"2026-09-17","17",313,52,0,286
agent,,"2026-09-17","18",1784,440,0,1757
agent,,"2026-09-17","19",1980,427,0,1966
agent,,"2026-09-17","20",1052,206,0,1046
agent,,"2026-09-17","21",994,220,0,974
agent,,"2026-09-17","22",1030,270,0,1022
agent,,"2026-09-17","23",1304,301,0,1300
agent,,"2026-09-18","00",907,205,0,893
agent,,"2026-09-18","01",361,74,0,361
agent,,"2026-09-18","02",407,62,0,407
agent,,"2026-09-18","03",418,68,0,418
agent,,"2026-09-18","13",68,51,0,33
agent,,"2026-09-18","14",314,53,0,292
agent,,"2026-09-18","15",542,123,0,517
agent,,"2026-09-18","16",819,242,0,801
agent,,"2026-09-18","17",1105,230,0,1103
agent,,"2026-09-18","18",1441,257,0,1420
agent,,"2026-09-18","19",1802,331,0,1777
agent,,"2026-09-18","20",1222,268,0,1217
agent,,"2026-09-18","21",676,114,0,640
agent,,"2026-09-18","22",1208,290,0,1206
agent,,"2026-09-18","23",1190,182,0,1190
agent,,"2026-09-19","00",862,135,0,862
agent,,"2026-09-19","01",911,137,0,911
agent,,"2026-09-19","02",709,131,0,709
agent,,"2026-09-19","03",486,142,0,486
agent,,"2026-09-19","04",6,0,0,6
agent,,"2026-09-19","12",3,1,0,3
agent,,"2026-09-19","13",31,26,0,10
agent,,"2026-09-19","14",382,117,0,341
agent,,"2026-09-19","15",472,51,0,457
agent,,"2026-09-19","16",1206,239,0,1202
agent,,"2026-09-19","17",1168,281,0,1157
agent,,"2026-09-19","18",1106,219,0,1077
agent,,"2026-09-19","19",1093,226,0,1049
agent,,"2026-09-19","20",1331,306,0,1288
agent,,"2026-09-19","21",1479,304,0,1479
agent,,"2026-09-19","22",1204,222,0,1198
agent,,"2026-09-19","23",868,208,0,841
agent,,"2026-09-20","00",629,164,0,621
agent,,"2026-09-20","01",522,128,0,522
agent,,"2026-09-20","02",242,61,0,242
agent,,"2026-09-20","03",85,12,0,85
agent,,"2026-09-20","04",1,1,0,1
agent,,"2026-09-20","13",16,16,0,0
agent,,"2026-09-20","14",25,25,0,0
agent,,"2026-09-20","15",59,39,0,31
agent,,"2026-09-20","16",165,61,0,141
agent,,"2026-09-20","17",611,150,0,594
agent,,"2026-09-20","18",539,103,0,538
agent,,"2026-09-20","19",762,186,0,754
agent,,"2026-09-20","20",1114,229,0,1113
agent,,"2026-09-20","21",1559,379,0,1557
agent,,"2026-09-20","22",919,197,0,919
agent,,"2026-09-20","23",461,85,0,460
agent,,"2026-09-21","00",132,35,0,129
agent,,"2026-09-21","01",22,14,0,22
agent,,"2026-09-21","13",76,33,0,48
agent,,"2026-09-21","14",637,150,0,616
agent,,"2026-09-21","15",1205,237,0,1188
agent,,"2026-09-21","16",1105,231,0,1092
agent,,"2026-09-21","17",1284,328,0,1255
agent,,"2026-09-21","18",746,219,0,728
agent,,"2026-09-21","19",785,129,0,785
agent,,"2026-09-21","20",1702,444,0,1685
agent,,"2026-09-21","21",1993,461,0,1983
agent,,"2026-09-21","22",1432,388,0,1424
agent,,"2026-09-21","23",1274,281,0,1263
agent,,"2026-09-22","00",1422,303,0,1415
agent,,"2026-09-22","01",564,160,0,564
agent,,"2026-09-22","02",639,162,0,639
agent,,"2026-09-22","03",430,82,0,430
agent,,"2026-09-22","04",24,3,0,24
agent,,"2026-09-22","13",42,23,0,26
agent,,"2026-09-22","14",471,145,0,435
agent,,"2026-09-22","15",711,158,0,691
agent,,"2026-09-22","16",1302,340,0,1242
agent,,"2026-09-22","17",1371,244,0,1365
agent,,"2026-09-22","18",1100,282,0,1070
agent,,"2026-09-22","19",658,203,0,636
agent,,"2026-09-22","20",982,164,0,972
agent,,"2026-09-22","21",1437,262,0,1434
agent,,"2026-09-22","22",1135,207,0,1118
agent,,"2026-09-22","23",701,158,0,676
agent,,"2026-09-23","00",543,115,0,519
agent,,"2026-09-23","01",273,60,0,273
agent,,"2026-09-23","02",310,38,0,310
agent,,"2026-09-23","03",208,41,0,208
agent,,"2026-09-23","04",5,5,0,5
agent,,"2026-09-23","13",76,50,0,33
agent,,"2026-09-23","14",329,117,0,292
agent,,"2026-09-23","15",1404,270,0,1389
agent,,"2026-09-23","16",1034,181,0,1034
agent,,"2026-09-23","17",1054,229,0,1041
agent,,"2026-09-23","18",1276,282,0,1238
agent,,"2026-09-23","19",1380,306,0,1360
agent,,"2026-09-23","20",1112,303,0,1105
agent,,"2026-09-23","21",1011,184,0,992
agent,,"2026-09-23","22",1230,273,0,1204
agent,,"2026-09-23","23",959,192,0,954
agent,,"2026-09-24","00",860,197,0,842
agent,,"2026-09-24","01",486,84,0,483
agent,,"2026-09-24","02",311,50,0,311
agent,,"2026-09-24","03",257,47,0,257
agent,,"2026-09-24","04",3,0,0,3
agent,,"2026-09-24","13",23,10,0,15
agent,,"2026-09-24","14",185,47,0,178
agent,,"2026-09-24","15",907,204,0,855
agent,,"2026-09-24","16",879,303,0,849
agent,,"2026-09-24","17",727,186,0,706
agent,,"2026-09-24","18",813,188,0,767
agent,,"2026-09-24","19",821,146,0,801
agent,,"2026-09-24","20",568,151,0,514
agent,,"2026-09-24","21",773,188,0,757
agent,,"2026-09-24","22",1193,232,0,1173
agent,,"2026-09-24","23",840,173,0,809
agent,,"2026-09-25","00",531,95,0,514
agent,,"2026-09-25","01",463,103,0,463
agent,,"2026-09-25","02",278,67,0,278
agent,,"2026-09-25","03",135,44,0,135
agent,,"2026-09-25","04",3,1,0,3
agent,,"2026-09-25","13",68,28,0,46
agent,,"2026-09-25","14",141,47,0,121
agent,,"2026-09-25","15",617,118,0,597
agent,,"2026-09-25","16",698,150,0,686
agent,,"2026-09-25","17",655,200,0,641
agent,,"2026-09-25","18",895,226,0,882
agent,,"2026-09-25","19",719,156,0,719
agent,,"2026-09-25","20",414,89,0,407
agent,,"2026-09-25","21",579,110,0,571
agent,,"2026-09-25","22",943,192,0,941
agent,,"2026-09-25","23",710,168,0,703
agent,,"2026-09-26","00",660,165,0,656
agent,,"2026-09-26","01",338,76,0,338
agent,,"2026-09-26","02",182,38,0,182
agent,,"2026-09-26","03",135,48,0,135
agent,,"2026-09-26","04",2,0,0,2
agent,,"2026-09-26","12",6,0,0,6
agent,,"2026-09-26","13",46,14,0,33
agent,,"2026-09-26","14",121,21,0,112
agent,,"2026-09-26","15",402,76,0,377
agent,,"2026-09-26","16",244,106,0,206
agent,,"2026-09-26","17",224,90,0,194
agent,,"2026-09-26","18",233,58,0,201
agent,,"2026-09-26","19",411,102,0,403
agent,,"2026-09-26","20",779,162,0,772
agent,,"2026-09-26","21",1488,361,0,1488
agent,,"2026-09-26","22",1177,339,0,1151
agent,,"2026-09-26","23",726,205,0,714
agent,,"2026-09-27","00",333,80,0,327
agent,,"2026-09-27","01",200,40,0,200
agent,,"2026-09-27","02",110,27,0,110
agent,,"2026-09-27","03",15,3,0,15
agent,,"2026-09-27","14",24,24,0,0
agent,,"2026-09-27","15",64,33,0,64
agent,,"2026-09-27","16",152,56,0,152
agent,,"2026-09-27","17",153,75,0,133
agent,,"2026-09-27","18",131,62,0,118
agent,,"2026-09-27","19",325,90,0,312
agent,,"2026-09-27","20",378,89,0,350
agent,,"2026-09-27","21",346,111,0,329
agent,,"2026-09-27","22",286,66,0,277
agent,,"2026-09-27","23",491,101,0,470
agent,,"2026-09-28","00",38,19,0,31
agent,,"2026-09-28","12",3,0,0,3
agent,,"2026-09-28","13",86,30,0,64
agent,,"2026-09-28","14",145,65,0,92
agent,,"2026-09-28","15",233,62,0,197
agent,,"2026-09-28","16",529,112,0,510
agent,,"2026-09-28","17",551,149,0,518
agent,,"2026-09-28","18",576,153,0,549
agent,,"2026-09-28","19",645,152,0,645
agent,,"2026-09-28","20",502,137,0,471
agent,,"2026-09-28","21",504,111,0,494
agent,,"2026-09-28","22",415,76,0,412
agent,,"2026-09-28","23",639,126,0,605
agent,,"2026-09-29","00",395,66,0,393
agent,,"2026-09-29","01",158,22,0,158
agent,,"2026-09-29","02",107,17,0,107
agent,,"2026-09-29","03",84,19,0,84
agent,,"2026-09-29","12",2,0,0,2
agent,,"2026-09-29","13",57,16,0,48
agent,,"2026-09-29","14",286,104,0,244
agent,,"2026-09-29","15",511,162,0,456
agent,,"2026-09-29","16",394,95,0,349
agent,,"2026-09-29","17",378,62,0,350
agent,,"2026-09-29","18",451,93,0,407
agent,,"2026-09-29","19",652,190,0,622
agent,,"2026-09-29","20",417,138,0,384
agent,,"2026-09-29","21",363,105,0,338
agent,,"2026-09-29","22",593,132,0,578
agent,,"2026-09-29","23",712,168,0,685
agent,,"2026-09-30","00",339,81,0,338
agent,,"2026-09-30","01",202,50,0,202
agent,,"2026-09-30","02",89,28,0,89
agent,,"2026-09-30","03",54,24,0,54
agent,,"2026-09-30","04",5,0,0,5
agent,,"2026-09-30","11",8,4,0,8
agent,,"2026-09-30","12",9,4,0,9
agent,,"2026-09-30","13",63,23,0,59
agent,,"2026-09-30","14",113,54,0,94
agent,,"2026-09-30","15",281,89,0,268
agent,,"2026-09-30","16",375,111,0,341
agent,,"2026-09-30","17",902,220,0,895
agent,,"2026-09-30","18",1208,300,0,1197
agent,,"2026-09-30","19",1101,230,0,1076
agent,,"2026-09-30","20",1023,255,0,1010
agent,,"2026-09-30","21",731,202,0,707
agent,,"2026-09-30","22",833,200,0,833
agent,,"2026-09-30","23",827,205,0,815
