"agent","mime_type","fecha_sent","hora_sent","mensajes_enviados","mensajes_leidos","mensajes_fallidos","mensajes_facturables"
bot,,"2026-07-01","00",480,208,50,375
bot,,"2026-07-01","01",288,139,0,212
bot,,"2026-07-01","02",176,86,0,117
bot,,"2026-07-01","03",137,43,2,123
bot,,"2026-07-01","04",117,34,0,102
bot,,"2026-07-01","05",106,40,1,83
bot,,"2026-07-01","06",59,34,0,38
bot,,"2026-07-01","07",43,29,0,27
bot,,"2026-07-01","08",41,25,0,18
bot,,"2026-07-01","09",18,10,0,9
bot,,"2026-07-01","10",37,35,0,7
bot,,"2026-07-01","11",96,90,55,10
bot,,"2026-07-01","12",78,62,1,25
bot,,"2026-07-01","13",1546,1485,1409,78
bot,,"2026-07-01","14",2806,2470,2262,478
bot,,"2026-07-01","15",674,525,441,181
bot,,"2026-07-01","16",2553,1577,732,1769
bot,,"2026-07-01","17",1173,794,528,576
bot,,"2026-07-01","18",45933,39711,25876,19690
bot,,"2026-07-01","19",80112,68914,44791,34625
bot,,"2026-07-01","20",17131,14644,9245,7741
bot,,"2026-07-01","21",39627,30106,19367,19917
bot,,"2026-07-01","22",71529,56287,40138,30886
bot,,"2026-07-01","23",34419,27379,18949,15143
bot,,"2026-07-02","00",8634,6815,5209,3263
bot,,"2026-07-02","01",269,135,0,166
bot,,"2026-07-02","02",822,652,345,431
bot,,"2026-07-02","03",113,43,0,91
bot,,"2026-07-02","04",152,93,48,81
bot,,"2026-07-02","05",56,21,2,45
bot,,"2026-07-02","06",46,11,0,41
bot,,"2026-07-02","07",45,26,0,21
bot,,"2026-07-02","08",23,20,0,6
bot,,"2026-07-02","09",23,14,0,11
bot,,"2026-07-02","10",25,22,0,4
bot,,"2026-07-02","11",453,439,417,16
bot,,"2026-07-02","12",1885,1855,1800,31
bot,,"2026-07-02","13",114,48,0,77
bot,,"2026-07-02","14",555,230,0,507
bot,,"2026-07-02","15",679,570,448,171
bot,,"2026-07-02","16",19203,15776,9614,9465
bot,,"2026-07-02","17",67623,59517,37612,29668
bot,,"2026-07-02","18",21627,20075,13916,7498
bot,,"2026-07-02","19",19778,13756,8975,10612
bot,,"2026-07-02","20",50573,42298,27965,22094
bot,,"2026-07-02","21",27492,22366,15564,11584
bot,,"2026-07-02","22",59975,50186,32388,27224
bot,,"2026-07-02","23",40952,33473,20467,20181
bot,,"2026-07-03","00",22367,18619,11740,10473
bot,,"2026-07-03","01",388,232,76,261
bot,,"2026-07-03","02",201,60,0,180
bot,,"2026-07-03","03",152,51,0,121
bot,,"2026-07-03","04",141,46,3,109
bot,,"2026-07-03","05",98,44,0,75
bot,,"2026-07-03","06",67,33,0,41
bot,,"2026-07-03","07",51,38,0,15
bot,,"2026-07-03","08",42,33,0,10
bot,,"2026-07-03","09",27,22,0,5
bot,,"2026-07-03","10",128,118,78,17
bot,,"2026-07-03","11",43,33,0,17
bot,,"2026-07-03","12",94,68,0,37
bot,,"2026-07-03","13",906,854,774,76
bot,,"2026-07-03","14",1952,837,211,1693
bot,,"2026-07-03","15",10034,7395,4986,4971
bot,,"2026-07-03","16",506,196,1,420
bot,,"2026-07-03","17",2700,713,81,2568
bot,,"2026-07-03","18",26541,23313,15473,10923
bot,,"2026-07-03","19",20785,17056,10739,9893
bot,,"2026-07-03","20",116107,99579,62612,52943
bot,,"2026-07-03","21",25503,19816,12888,12390
bot,,"2026-07-03","22",19866,15423,10111,9536
bot,,"2026-07-03","23",15155,12336,8503,6486
bot,,"2026-07-04","00",7700,6394,4869,2750
bot,,"2026-07-04","01",233,98,0,200
bot,,"2026-07-04","02",585,353,200,352
bot,,"2026-07-04","03",111,47,0,85
bot,,"2026-07-04","04",90,56,0,49
bot,,"2026-07-04","05",55,25,0,41
bot,,"2026-07-04","06",27,12,0,21
bot,,"2026-07-04","07",26,10,0,18
bot,,"2026-07-04","08",210,202,0,8
bot,,"2026-07-04","09",20,13,0,9
bot,,"2026-07-04","10",34,31,0,3
bot,,"2026-07-04","11",1954,1949,1927,5
bot,,"2026-07-04","12",1560,1551,1518,16
bot,,"2026-07-04","13",3109,3072,2974,56
bot,,"2026-07-04","14",2375,1933,1559,752
bot,,"2026-07-04","15",48582,41644,33696,14599
bot,,"2026-07-04","16",111677,95613,62931,48230
bot,,"2026-07-04","17",34866,29274,20070,14434
bot,,"2026-07-04","18",38313,32107,22737,15294
bot,,"2026-07-04","19",22961,19436,13559,9173
bot,,"2026-07-04","20",25222,19328,11806,13218
bot,,"2026-07-04","21",17799,14723,10034,7618
bot,,"2026-07-04","22",17851,14826,10009,7597
bot,,"2026-07-04","23",22668,19027,13435,9066
bot,,"2026-07-05","00",11462,9566,6747,4605
bot,,"2026-07-05","01",110,57,0,70
bot,,"2026-07-05","02",56,31,0,37
bot,,"2026-07-05","03",61,30,0,45
bot,,"2026-07-05","04",50,20,0,34
bot,,"2026-07-05","05",59,35,0,34
bot,,"2026-07-05","06",72,55,0,22
bot,,"2026-07-05","07",22,20,0,3
bot,,"2026-07-05","08",9,6,0,3
bot,,"2026-07-05","09",6,5,0,1
bot,,"2026-07-05","10",9,6,0,3
bot,,"2026-07-05","11",16,15,0,2
bot,,"2026-07-05","12",26,17,0,9
bot,,"2026-07-05","13",53,38,0,19
bot,,"2026-07-05","14",114,77,0,55
bot,,"2026-07-05","15",119,59,22,65
bot,,"2026-07-05","16",131,46,0,107
bot,,"2026-07-05","17",162,77,0,114
bot,,"2026-07-05","18",2574,596,8,2534
bot,,"2026-07-05","19",239,100,0,167
bot,,"2026-07-05","20",1239,785,395,826
bot,,"2026-07-05","21",333,141,1,258
bot,,"2026-07-05","22",7182,4609,1840,5247
bot,,"2026-07-05","23",103,59,0,53
bot,,"2026-07-06","00",78,47,0,41
bot,,"2026-07-06","01",74,42,0,37
bot,,"2026-07-06","02",55,35,0,23
bot,,"2026-07-06","03",35,6,0,32
bot,,"2026-07-06","04",82,42,0,53
bot,,"2026-07-06","05",31,11,0,24
bot,,"2026-07-06","06",37,21,0,20
bot,,"2026-07-06","07",7,6,0,4
bot,,"2026-07-06","08",18,13,0,7
bot,,"2026-07-06","09",19,17,0,2
bot,,"2026-07-06","10",55,52,38,3
bot,,"2026-07-06","11",401,396,374,6
bot,,"2026-07-06","12",45,35,0,12
bot,,"2026-07-06","13",130,95,0,48
bot,,"2026-07-06","14",487,233,0,420
bot,,"2026-07-06","15",2475,2193,1609,817
bot,,"2026-07-06","16",13738,10859,6042,7568
bot,,"2026-07-06","17",1674,1200,947,634
bot,,"2026-07-06","18",468,145,0,388
bot,,"2026-07-06","19",22200,17223,11338,10656
bot,,"2026-07-06","20",31490,27689,17098,14266
bot,,"2026-07-06","21",59887,52283,31506,28114
bot,,"2026-07-06","22",30042,25742,15455,14360
bot,,"2026-07-06","23",6927,5434,3260,3533
bot,,"2026-07-07","00",6817,5387,3382,3337
bot,,"2026-07-07","01",201,81,0,154
bot,,"2026-07-07","02",117,39,2,91
bot,,"2026-07-07","03",73,29,0,59
bot,,"2026-07-07","04",48,13,0,44
bot,,"2026-07-07","05",60,27,0,40
bot,,"2026-07-07","06",65,24,0,47
bot,,"2026-07-07","07",28,13,0,17
bot,,"2026-07-07","08",15,11,0,7
bot,,"2026-07-07","09",16,13,0,8
bot,,"2026-07-07","10",29,25,0,4
bot,,"2026-07-07","11",52,47,34,7
bot,,"2026-07-07","12",80,68,27,15
bot,,"2026-07-07","13",169,118,5,61
bot,,"2026-07-07","14",213,108,0,154
bot,,"2026-07-07","15",321,141,0,269
bot,,"2026-07-07","16",2386,1680,744,1544
bot,,"2026-07-07","17",5554,4400,3464,2000
bot,,"2026-07-07","18",15275,13024,9750,5384
bot,,"2026-07-07","19",8488,7382,5405,2966
bot,,"2026-07-07","20",1053,604,120,858
bot,,"2026-07-07","21",22612,18910,12559,9893
bot,,"2026-07-07","22",47757,38930,25314,21629
bot,,"2026-07-07","23",32551,26838,17567,14698
bot,,"2026-07-08","00",83612,68816,51002,32082
bot,,"2026-07-08","01",21831,19308,15698,5525
bot,,"2026-07-08","02",222,84,1,163
bot,,"2026-07-08","03",125,34,1,105
bot,,"2026-07-08","04",73,38,2,54
bot,,"2026-07-08","05",60,27,0,40
bot,,"2026-07-08","06",37,17,0,26
bot,,"2026-07-08","07",33,23,0,11
bot,,"2026-07-08","08",19,13,1,11
bot,,"2026-07-08","09",15,15,4,1
bot,,"2026-07-08","10",57,54,47,5
bot,,"2026-07-08","11",739,733,701,8
bot,,"2026-07-08","12",4241,4225,4177,17
bot,,"2026-07-08","13",1840,1815,1762,42
bot,,"2026-07-08","14",1439,1098,820,577
bot,,"2026-07-08","15",1773,1314,671,1061
bot,,"2026-07-08","16",20501,17199,10066,10299
bot,,"2026-07-08","17",131879,115315,66197,65076
bot,,"2026-07-08","18",63220,55453,31741,31165
bot,,"2026-07-08","19",36392,31455,19507,16697
bot,,"2026-07-08","20",5623,5320,5145,403
bot,,"2026-07-08","21",2642,1408,514,2060
bot,,"2026-07-08","22",566,197,26,471
bot,,"2026-07-08","23",2495,2024,1443,1012
bot,,"2026-07-09","00",41702,32865,23042,18400
bot,,"2026-07-09","01",43127,35358,25256,17488
bot,,"2026-07-09","02",376,131,2,326
bot,,"2026-07-09","03",343,108,0,295
bot,,"2026-07-09","04",163,47,0,157
bot,,"2026-07-09","05",97,27,0,88
bot,,"2026-07-09","06",64,25,0,54
bot,,"2026-07-09","07",43,15,0,40
bot,,"2026-07-09","08",38,25,0,14
bot,,"2026-07-09","09",22,15,0,7
bot,,"2026-07-09","10",7,4,0,3
bot,,"2026-07-09","11",69,55,47,15
bot,,"2026-07-09","12",56,34,3,24
bot,,"2026-07-09","13",150,91,38,70
bot,,"2026-07-09","14",11702,11619,11552,124
bot,,"2026-07-09","15",19470,17657,15280,4086
bot,,"2026-07-09","16",71837,59298,43920,27472
bot,,"2026-07-09","17",5424,4610,3997,1363
bot,,"2026-07-09","18",4788,4342,4062,637
bot,,"2026-07-09","19",63322,53459,28578,34029
bot,,"2026-07-09","20",59046,49271,24004,34344
bot,,"2026-07-09","21",19576,15611,9745,9644
bot,,"2026-07-09","22",26284,19992,9293,16691
bot,,"2026-07-09","23",21039,18280,11715,9090
bot,,"2026-07-10","00",65765,50853,32204,33090
bot,,"2026-07-10","01",784,245,4,708
bot,,"2026-07-10","02",234,81,0,193
bot,,"2026-07-10","03",180,81,0,124
bot,,"2026-07-10","04",154,83,0,90
bot,,"2026-07-10","05",52,29,0,30
bot,,"2026-07-10","06",61,40,0,31
bot,,"2026-07-10","07",23,11,0,16
bot,,"2026-07-10","08",30,21,0,12
bot,,"2026-07-10","09",18,13,0,5
bot,,"2026-07-10","10",12,5,0,8
bot,,"2026-07-10","11",5644,5628,5609,18
bot,,"2026-07-10","12",6598,6584,6545,18
bot,,"2026-07-10","13",1116,1036,987,92
bot,,"2026-07-10","14",6729,6388,6171,520
bot,,"2026-07-10","15",16314,16150,16000,228
bot,,"2026-07-10","16",43659,34529,19291,23911
bot,,"2026-07-10","17",24961,21721,10888,13652
bot,,"2026-07-10","18",6955,4624,1938,4914
bot,,"2026-07-10","19",40236,31221,12833,24463
bot,,"2026-07-10","20",75280,63982,20447,42566
bot,,"2026-07-10","21",4627,4263,3635,906
bot,,"2026-07-10","22",335,119,0,290
bot,,"2026-07-10","23",790,468,191,567
bot,,"2026-07-11","00",3390,2880,1607,1739
bot,,"2026-07-11","01",5941,4676,1821,3951
bot,,"2026-07-11","02",9438,7880,3678,5581
bot,,"2026-07-11","03",238,67,0,220
bot,,"2026-07-11","04",111,26,0,104
bot,,"2026-07-11","05",90,36,0,67
bot,,"2026-07-11","06",76,13,0,73
bot,,"2026-07-11","07",54,30,0,33
bot,,"2026-07-11","08",32,28,0,7
bot,,"2026-07-11","09",18,16,0,3
bot,,"2026-07-11","10",14,10,0,5
bot,,"2026-07-11","11",43,35,0,13
bot,,"2026-07-11","12",790,776,737,24
bot,,"2026-07-11","13",12277,12209,12162,89
bot,,"2026-07-11","14",8087,7505,7213,840
bot,,"2026-07-11","15",72850,62090,47390,24997
bot,,"2026-07-11","16",4430,3876,3625,768
bot,,"2026-07-11","17",5182,3594,1339,3767
bot,,"2026-07-11","18",57986,48802,24231,33171
bot,,"2026-07-11","19",46197,35970,17353,28438
bot,,"2026-07-11","20",42251,31309,13550,28323
bot,,"2026-07-11","21",30114,21054,7815,21978
bot,,"2026-07-11","22",482,92,1,406
bot,,"2026-07-11","23",238,55,0,205
bot,,"2026-07-12","00",657,187,1,618
bot,,"2026-07-12","01",110,46,0,74
bot,,"2026-07-12","02",641,181,1,603
bot,,"2026-07-12","03",155,77,0,91
bot,,"2026-07-12","04",78,38,0,51
bot,,"2026-07-12","05",99,52,0,64
bot,,"2026-07-12","06",82,42,0,44
bot,,"2026-07-12","07",23,12,0,17
bot,,"2026-07-12","08",13,8,0,6
bot,,"2026-07-12","09",14,9,0,6
bot,,"2026-07-12","10",366,365,349,1
bot,,"2026-07-12","11",20,10,0,10
bot,,"2026-07-12","12",1438,1435,1411,5
bot,,"2026-07-12","13",7149,7141,7108,11
bot,,"2026-07-12","14",19926,19888,19833,64
bot,,"2026-07-12","15",1646,1334,670,906
bot,,"2026-07-12","16",155,75,0,104
bot,,"2026-07-12","17",6184,5335,2552,3508
bot,,"2026-07-12","18",37216,31580,14012,22810
bot,,"2026-07-12","19",83607,73304,35956,46803
bot,,"2026-07-12","20",7485,4516,1838,5496
bot,,"2026-07-12","21",305,94,2,261
bot,,"2026-07-12","22",190,95,1,115
bot,,"2026-07-12","23",75,47,0,41
bot,,"2026-07-13","00",67,53,0,22
bot,,"2026-07-13","01",486,100,0,460
bot,,"2026-07-13","02",3044,588,13,3007
bot,,"2026-07-13","03",598,144,2,567
bot,,"2026-07-13","04",146,43,0,134
bot,,"2026-07-13","05",70,30,0,48
bot,,"2026-07-13","06",2019,470,7,2002
bot,,"2026-07-13","07",67,22,0,49
bot,,"2026-07-13","08",30,18,0,13
bot,,"2026-07-13","09",482,482,470,1
bot,,"2026-07-13","10",139,132,125,8
bot,,"2026-07-13","11",27,12,0,18
bot,,"2026-07-13","12",2013,1985,1956,31
bot,,"2026-07-13","13",98,56,0,49
bot,,"2026-07-13","14",4921,4334,3092,1762
bot,,"2026-07-13","15",3646,3149,2677,908
bot,,"2026-07-13","16",2615,2413,2271,259
bot,,"2026-07-13","17",17736,12765,5562,11973
bot,,"2026-07-13","18",2684,2185,1932,694
bot,,"2026-07-13","19",19022,13614,5624,13142
bot,,"2026-07-13","20",15176,13864,10150,4837
bot,,"2026-07-13","21",20471,16396,10159,10134
bot,,"2026-07-13","22",11756,8047,2928,8690
bot,,"2026-07-13","23",16554,11642,4248,12115
bot,,"2026-07-14","00",7429,5290,2038,5296
bot,,"2026-07-14","01",53206,41392,27178,25688
bot,,"2026-07-14","02",18611,16530,13731,4754
bot,,"2026-07-14","03",160,53,0,135
bot,,"2026-07-14","04",88,25,0,78
bot,,"2026-07-14","05",70,21,0,66
bot,,"2026-07-14","06",42,10,1,39
bot,,"2026-07-14","07",26,11,0,24
bot,,"2026-07-14","08",27,14,0,16
bot,,"2026-07-14","09",8,4,0,5
bot,,"2026-07-14","10",19,12,3,8
bot,,"2026-07-14","11",313,312,278,1
bot,,"2026-07-14","12",1140,1114,1088,32
bot,,"2026-07-14","13",1701,1643,1577,62
bot,,"2026-07-14","14",590,249,46,519
bot,,"2026-07-14","15",1102,448,156,893
bot,,"2026-07-14","16",92261,77145,57369,34321
bot,,"2026-07-14","17",15929,12579,7022,8680
bot,,"2026-07-14","18",14580,11486,6958,7431
bot,,"2026-07-14","19",11610,10997,10724,843
bot,,"2026-07-14","20",14975,13715,12712,2187
bot,,"2026-07-14","21",421,169,0,365
bot,,"2026-07-14","22",454,161,5,399
bot,,"2026-07-14","23",17180,12570,7524,9491
bot,,"2026-07-15","00",83565,69620,50619,32427
bot,,"2026-07-15","01",26404,22983,13968,12068
bot,,"2026-07-15","02",361,113,1,306
bot,,"2026-07-15","03",1223,312,3,1163
bot,,"2026-07-15","04",134,54,0,116
bot,,"2026-07-15","05",86,17,0,80
bot,,"2026-07-15","06",55,9,0,50
bot,,"2026-07-15","07",42,21,0,35
bot,,"2026-07-15","08",16,2,0,15
bot,,"2026-07-15","09",16,8,0,14
bot,,"2026-07-15","10",298,297,289,1
bot,,"2026-07-15","11",4156,4148,4125,11
bot,,"2026-07-15","12",5672,5648,5611,29
bot,,"2026-07-15","13",21139,21047,21006,115
bot,,"2026-07-15","14",2018,1870,1789,193
bot,,"2026-07-15","15",8003,6675,5397,2517
bot,,"2026-07-15","16",34155,29552,21167,12774
bot,,"2026-07-15","17",32287,29308,18157,13625
bot,,"2026-07-15","18",95691,84303,50435,44205
bot,,"2026-07-15","19",32980,27484,17878,14849
bot,,"2026-07-15","20",25229,20879,12784,12204
bot,,"2026-07-15","21",51774,44441,28207,23095
bot,,"2026-07-15","22",50439,42897,27813,22288
bot,,"2026-07-15","23",90165,62768,33934,55761
bot,,"2026-07-16","00",27552,20328,12169,15145
bot,,"2026-07-16","01",552,218,2,432
bot,,"2026-07-16","02",1154,639,223,874
bot,,"2026-07-16","03",168,70,2,133
bot,,"2026-07-16","04",113,34,0,100
bot,,"2026-07-16","05",84,45,0,56
bot,,"2026-07-16","06",59,15,0,51
bot,,"2026-07-16","07",47,18,0,32
bot,,"2026-07-16","08",24,14,0,12
bot,,"2026-07-16","09",23,19,0,3
bot,,"2026-07-16","10",205,201,196,8
bot,,"2026-07-16","11",112,98,77,17
bot,,"2026-07-16","12",3776,3755,3718,27
bot,,"2026-07-16","13",230,171,76,83
bot,,"2026-07-16","14",2090,1961,1872,154
bot,,"2026-07-16","15",3245,2661,2042,1158
bot,,"2026-07-16","16",9384,7812,6975,2358
bot,,"2026-07-16","17",24222,21924,14511,9381
bot,,"2026-07-16","18",8764,6698,4739,3911
bot,,"2026-07-16","19",16472,13488,8799,7506
bot,,"2026-07-16","20",9187,7611,5504,3497
bot,,"2026-07-16","21",28338,25017,13396,14653
bot,,"2026-07-16","22",33670,29501,15485,17816
bot,,"2026-07-16","23",9870,6653,2224,7530
bot,,"2026-07-17","00",5211,4062,1632,3505
bot,,"2026-07-17","01",13079,11337,5095,7817
bot,,"2026-07-17","02",5294,4621,3615,1646
bot,,"2026-07-17","03",158,66,0,108
bot,,"2026-07-17","04",99,32,0,77
bot,,"2026-07-17","05",75,25,0,54
bot,,"2026-07-17","06",47,7,0,45
bot,,"2026-07-17","07",31,11,0,23
bot,,"2026-07-17","08",30,19,0,16
bot,,"2026-07-17","09",360,357,333,5
bot,,"2026-07-17","10",623,616,582,7
bot,,"2026-07-17","11",14,2,0,13
bot,,"2026-07-17","12",754,742,695,14
bot,,"2026-07-17","13",7678,7634,7555,77
bot,,"2026-07-17","14",4809,4640,4540,233
bot,,"2026-07-17","15",2677,2122,1427,1192
bot,,"2026-07-17","16",3227,2376,1973,1198
bot,,"2026-07-17","17",7417,6215,3843,3457
bot,,"2026-07-17","18",37783,30298,13773,23448
bot,,"2026-07-17","19",40128,25826,10130,29431
bot,,"2026-07-17","20",8858,5492,1972,6774
bot,,"2026-07-17","21",27457,15031,4739,22556
bot,,"2026-07-17","22",29136,16639,5670,23086
bot,,"2026-07-17","23",9726,6905,3002,6636
bot,,"2026-07-18","00",10332,7099,2952,7273
bot,,"2026-07-18","01",792,261,0,740
bot,,"2026-07-18","02",229,128,38,169
bot,,"2026-07-18","03",104,51,0,75
bot,,"2026-07-18","04",65,25,0,55
bot,,"2026-07-18","05",61,23,0,51
bot,,"2026-07-18","06",26,13,0,14
bot,,"2026-07-18","07",29,15,0,19
bot,,"2026-07-18","08",14,7,0,7
bot,,"2026-07-18","09",24,21,0,3
bot,,"2026-07-18","10",283,277,265,7
bot,,"2026-07-18","11",174,162,155,13
bot,,"2026-07-18","12",18,14,0,8
bot,,"2026-07-18","13",2895,2827,2729,134
bot,,"2026-07-18","14",1135,766,512,581
bot,,"2026-07-18","15",1582,1174,515,1031
bot,,"2026-07-18","16",1715,1068,315,1331
bot,,"2026-07-18","17",298,110,2,269
bot,,"2026-07-18","18",8156,7427,5500,2569
bot,,"2026-07-18","19",45721,17185,3901,41510
bot,,"2026-07-18","20",1119,385,81,981
bot,,"2026-07-18","21",176,70,0,146
bot,,"2026-07-18","22",121,52,1,83
bot,,"2026-07-18","23",7532,6073,2557,4849
bot,,"2026-07-19","00",199,38,0,188
bot,,"2026-07-19","01",535,165,6,503
bot,,"2026-07-19","02",92,37,0,70
bot,,"2026-07-19","03",71,27,0,51
bot,,"2026-07-19","04",28,8,0,26
bot,,"2026-07-19","05",39,26,0,20
bot,,"2026-07-19","06",50,32,0,21
bot,,"2026-07-19","07",7,2,0,6
bot,,"2026-07-19","08",10,7,0,5
bot,,"2026-07-19","09",7,3,0,4
bot,,"2026-07-19","10",11,10,0,2
bot,,"2026-07-19","11",32,28,0,4
bot,,"2026-07-19","12",37,33,0,6
bot,,"2026-07-19","13",61,44,16,18
bot,,"2026-07-19","14",102,67,0,54
bot,,"2026-07-19","15",132,69,0,79
bot,,"2026-07-19","16",56480,49524,40709,15512
bot,,"2026-07-19","17",30683,24423,16662,13802
bot,,"2026-07-19","18",617,484,340,211
bot,,"2026-07-19","19",123,73,0,65
bot,,"2026-07-19","20",142,66,0,91
bot,,"2026-07-19","21",69,30,0,48
bot,,"2026-07-19","22",33916,23594,11358,22362
bot,,"2026-07-19","23",54392,35226,16335,37662
bot,,"2026-07-20","00",203,77,1,148
bot,,"2026-07-20","01",704,218,4,633
bot,,"2026-07-20","02",103,73,0,42
bot,,"2026-07-20","03",196,72,1,160
bot,,"2026-07-20","04",64,19,0,51
bot,,"2026-07-20","05",700,200,4,691
bot,,"2026-07-20","06",44,31,0,19
bot,,"2026-07-20","07",6,2,0,5
bot,,"2026-07-20","08",34,31,0,5
bot,,"2026-07-20","09",24,22,0,3
bot,,"2026-07-20","10",18,16,0,2
bot,,"2026-07-20","11",421,418,380,4
bot,,"2026-07-20","12",2412,2404,2393,8
bot,,"2026-07-20","13",4047,4000,3969,50
bot,,"2026-07-20","14",2732,2668,2602,84
bot,,"2026-07-20","15",4808,4680,4610,150
bot,,"2026-07-20","16",3853,3062,2054,1729
bot,,"2026-07-20","17",19098,11772,4614,14275
bot,,"2026-07-20","18",46258,32540,15943,29979
bot,,"2026-07-20","19",39791,27877,15681,23878
bot,,"2026-07-20","20",29143,22186,9576,19043
bot,,"2026-07-20","21",80091,60260,27825,51620
bot,,"2026-07-20","22",10908,3545,38,10837
bot,,"2026-07-20","23",53553,31653,11176,41860
bot,,"2026-07-21","00",32032,27701,13676,17602
bot,,"2026-07-21","01",197,92,0,140
bot,,"2026-07-21","02",170,74,2,124
bot,,"2026-07-21","03",140,45,0,118
bot,,"2026-07-21","04",68,25,0,53
bot,,"2026-07-21","05",41,24,0,26
bot,,"2026-07-21","06",47,15,0,41
bot,,"2026-07-21","07",31,18,0,16
bot,,"2026-07-21","08",22,19,0,3
bot,,"2026-07-21","09",21,14,0,8
bot,,"2026-07-21","10",408,406,400,3
bot,,"2026-07-21","11",28,22,0,6
bot,,"2026-07-21","12",259,249,218,15
bot,,"2026-07-21","13",3269,3220,3133,51
bot,,"2026-07-21","14",9706,9381,9211,441
bot,,"2026-07-21","15",2819,2231,1275,1489
bot,,"2026-07-21","16",2619,1597,1147,1397
bot,,"2026-07-21","17",1065,715,245,739
bot,,"2026-07-21","18",20888,15706,9391,11205
bot,,"2026-07-21","19",68742,56570,43826,24400
bot,,"2026-07-21","20",19556,17039,10008,9405
bot,,"2026-07-21","21",38116,33422,19851,18083
bot,,"2026-07-21","22",472,244,47,361
bot,,"2026-07-21","23",598,374,192,355
bot,,"2026-07-22","00",7354,4572,1867,5386
bot,,"2026-07-22","01",198,82,0,164
bot,,"2026-07-22","02",150,65,0,119
bot,,"2026-07-22","03",125,61,0,83
bot,,"2026-07-22","04",78,48,0,44
bot,,"2026-07-22","05",32,14,0,24
bot,,"2026-07-22","06",44,30,0,18
bot,,"2026-07-22","07",15,5,0,10
bot,,"2026-07-22","08",22,20,0,11
bot,,"2026-07-22","09",26,22,1,5
bot,,"2026-07-22","10",327,322,308,7
bot,,"2026-07-22","11",266,256,204,11
bot,,"2026-07-22","12",1195,1185,1153,14
bot,,"2026-07-22","13",624,599,534,48
bot,,"2026-07-22","14",2350,2018,1756,546
bot,,"2026-07-22","15",3685,3100,2313,1280
bot,,"2026-07-22","16",30899,24211,16883,13725
bot,,"2026-07-22","17",6193,4130,1983,4115
bot,,"2026-07-22","18",3571,2997,1733,1766
bot,,"2026-07-22","19",18620,14018,7007,11416
bot,,"2026-07-22","20",15762,11356,4619,10827
bot,,"2026-07-22","21",106632,92003,60665,45436
bot,,"2026-07-22","22",107383,91759,60125,46644
bot,,"2026-07-22","23",1558,883,452,1045
bot,,"2026-07-23","00",34980,23930,12379,22242
bot,,"2026-07-23","01",281,94,1,224
bot,,"2026-07-23","02",646,196,1,610
bot,,"2026-07-23","03",108,39,1,92
bot,,"2026-07-23","04",109,36,0,93
bot,,"2026-07-23","05",56,20,0,45
bot,,"2026-07-23","06",49,29,0,21
bot,,"2026-07-23","07",62,54,0,12
bot,,"2026-07-23","08",43,38,0,9
bot,,"2026-07-23","09",9,7,0,3
bot,,"2026-07-23","10",381,373,340,9
bot,,"2026-07-23","11",176,169,144,7
bot,,"2026-07-23","12",4350,4342,4330,10
bot,,"2026-07-23","13",2284,2252,2173,49
bot,,"2026-07-23","14",831,471,265,537
bot,,"2026-07-23","15",1744,1240,544,1131
bot,,"2026-07-23","16",3443,2335,1144,2214
bot,,"2026-07-23","17",137479,123057,70737,66050
bot,,"2026-07-23","18",70258,61878,39282,30702
bot,,"2026-07-23","19",11346,8795,4863,6360
bot,,"2026-07-23","20",3486,966,120,3293
bot,,"2026-07-23","21",90562,73142,55923,34029
bot,,"2026-07-23","22",14119,10421,5960,7898
bot,,"2026-07-23","23",33909,30136,20278,13241
bot,,"2026-07-24","00",12248,8793,4548,7562
bot,,"2026-07-24","01",3344,2851,1684,1581
bot,,"2026-07-24","02",172,82,0,124
bot,,"2026-07-24","03",63,24,0,54
bot,,"2026-07-24","04",70,27,0,60
bot,,"2026-07-24","05",39,13,0,32
bot,,"2026-07-24","06",38,17,0,31
bot,,"2026-07-24","07",23,13,0,14
bot,,"2026-07-24","08",27,18,0,10
bot,,"2026-07-24","09",26,21,0,6
bot,,"2026-07-24","10",1420,1415,1401,5
bot,,"2026-07-24","11",10630,10616,10596,18
bot,,"2026-07-24","12",45,23,0,23
bot,,"2026-07-24","13",1155,1104,1057,62
bot,,"2026-07-24","14",9474,9197,9011,412
bot,,"2026-07-24","15",17323,14371,11894,5309
bot,,"2026-07-24","16",80279,64658,47819,31987
bot,,"2026-07-24","17",6669,5949,5202,1392
bot,,"2026-07-24","18",22991,19293,11475,11304
bot,,"2026-07-24","19",102550,81980,49908,51798
bot,,"2026-07-24","20",141181,118829,61186,79202
bot,,"2026-07-24","21",10680,9321,5794,4751
bot,,"2026-07-24","22",23103,17061,6736,16043
bot,,"2026-07-24","23",9095,4789,1760,7219
bot,,"2026-07-25","00",22141,16254,6826,14962
bot,,"2026-07-25","01",370,234,102,238
bot,,"2026-07-25","02",3247,2848,1692,1498
bot,,"2026-07-25","03",78,46,0,42
bot,,"2026-07-25","04",77,33,0,53
bot,,"2026-07-25","05",35,22,0,18
bot,,"2026-07-25","06",46,30,0,29
bot,,"2026-07-25","07",26,17,0,13
bot,,"2026-07-25","08",39,32,0,8
bot,,"2026-07-25","09",40,29,0,13
bot,,"2026-07-25","10",49,46,41,4
bot,,"2026-07-25","11",27,21,0,8
bot,,"2026-07-25","12",31,19,0,14
bot,,"2026-07-25","13",5221,4269,3815,1363
bot,,"2026-07-25","14",1735,1386,1136,573
bot,,"2026-07-25","15",44622,36564,27386,16891
bot,,"2026-07-25","16",73153,60324,40042,32470
bot,,"2026-07-25","17",3201,2690,2209,945
bot,,"2026-07-25","18",123939,111186,74252,48978
bot,,"2026-07-25","19",34458,30352,19882,14391
bot,,"2026-07-25","20",16254,10812,4921,11175
bot,,"2026-07-25","21",399,233,78,268
bot,,"2026-07-25","22",1131,761,357,729
bot,,"2026-07-25","23",117,67,0,68
bot,,"2026-07-26","00",350,103,2,314
bot,,"2026-07-26","01",111,75,1,50
bot,,"2026-07-26","02",102,39,0,76
bot,,"2026-07-26","03",56,20,0,47
bot,,"2026-07-26","04",70,39,0,59
bot,,"2026-07-26","05",37,14,0,28
bot,,"2026-07-26","06",30,21,0,18
bot,,"2026-07-26","07",11,7,0,4
bot,,"2026-07-26","08",10,7,0,3
bot,,"2026-07-26","09",8,8,0,0
bot,,"2026-07-26","10",17,11,0,8
bot,,"2026-07-26","11",18,17,0,4
bot,,"2026-07-26","12",3684,3674,3653,14
bot,,"2026-07-26","13",49,27,0,26
bot,,"2026-07-26","14",1068,1028,965,48
bot,,"2026-07-26","15",457,406,355,64
bot,,"2026-07-26","16",144,76,0,90
bot,,"2026-07-26","17",113167,98767,54846,57932
bot,,"2026-07-26","18",149,88,0,83
bot,,"2026-07-26","19",101738,89507,56880,44558
bot,,"2026-07-26","20",34609,28658,17636,16770
bot,,"2026-07-26","21",151,80,0,100
bot,,"2026-07-26","22",99,32,0,72
bot,,"2026-07-26","23",80,59,0,31
bot,,"2026-07-27","00",198,57,1,170
bot,,"2026-07-27","01",123,68,0,74
bot,,"2026-07-27","02",317,108,1,269
bot,,"2026-07-27","03",69,30,0,53
bot,,"2026-07-27","04",35,7,0,31
bot,,"2026-07-27","05",30,13,0,21
bot,,"2026-07-27","06",20,9,0,14
bot,,"2026-07-27","07",20,17,0,5
bot,,"2026-07-27","08",20,14,0,8
bot,,"2026-07-27","09",52,50,0,4
bot,,"2026-07-27","10",486,483,429,6
bot,,"2026-07-27","11",47,39,0,9
bot,,"2026-07-27","12",526,510,383,18
bot,,"2026-07-27","13",3743,3688,3605,73
bot,,"2026-07-27","14",3716,3450,3217,427
bot,,"2026-07-27","15",3281,2589,1567,1636
bot,,"2026-07-27","16",5321,4019,3474,1747
bot,,"2026-07-27","17",13985,11896,7915,5917
bot,,"2026-07-27","18",62861,53679,31263,31135
bot,,"2026-07-27","19",35565,27491,14524,20657
bot,,"2026-07-27","20",13793,9098,3849,9750
bot,,"2026-07-27","21",45170,36915,19051,25717
bot,,"2026-07-27","22",91653,80837,54469,36797
bot,,"2026-07-27","23",70739,60217,38992,31265
bot,,"2026-07-28","00",22322,15305,6603,15396
bot,,"2026-07-28","01",1109,536,301,730
bot,,"2026-07-28","02",2533,2065,993,1459
bot,,"2026-07-28","03",102,50,0,62
bot,,"2026-07-28","04",87,51,0,41
bot,,"2026-07-28","05",59,42,0,33
bot,,"2026-07-28","06",66,31,0,36
bot,,"2026-07-28","07",41,30,0,15
bot,,"2026-07-28","08",31,29,0,4
bot,,"2026-07-28","09",22,20,0,3
bot,,"2026-07-28","10",42,40,0,2
bot,,"2026-07-28","11",585,580,557,5
bot,,"2026-07-28","12",1149,1138,1111,13
bot,,"2026-07-28","13",4562,4525,4469,41
bot,,"2026-07-28","14",568,472,199,131
bot,,"2026-07-28","15",4561,4258,4035,476
bot,,"2026-07-28","16",11518,9039,5457,5971
bot,,"2026-07-28","17",37294,32431,21926,15211
bot,,"2026-07-28","18",144756,127973,85117,58939
bot,,"2026-07-28","19",126978,103665,64952,60973
bot,,"2026-07-28","20",67818,59211,36487,30886
bot,,"2026-07-28","21",19005,13877,6390,12388
bot,,"2026-07-28","22",25551,18528,8276,16988
bot,,"2026-07-28","23",24378,18746,8475,15558
bot,,"2026-07-29","00",13405,7354,4067,9239
bot,,"2026-07-29","01",5218,4398,2603,2554
bot,,"2026-07-29","02",212,110,0,141
bot,,"2026-07-29","03",106,43,0,73
bot,,"2026-07-29","04",101,54,0,61
bot,,"2026-07-29","05",68,34,0,44
bot,,"2026-07-29","06",31,9,0,27
bot,,"2026-07-29","07",34,27,0,11
bot,,"2026-07-29","08",11,9,0,4
bot,,"2026-07-29","09",31,26,0,5
bot,,"2026-07-29","10",1005,1001,978,7
bot,,"2026-07-29","11",16375,16362,16326,16
bot,,"2026-07-29","12",1798,1785,1763,14
bot,,"2026-07-29","13",3369,3332,3272,42
bot,,"2026-07-29","14",4418,4080,3838,516
bot,,"2026-07-29","15",12296,10422,8062,4119
bot,,"2026-07-29","16",123024,101329,77093,45120
bot,,"2026-07-29","17",19015,14784,7799,10964
bot,,"2026-07-29","18",39434,32370,20198,18966
bot,,"2026-07-29","19",72686,60474,37357,34963
bot,,"2026-07-29","20",68365,59336,35747,32247
bot,,"2026-07-29","21",120846,106033,66765,53701
bot,,"2026-07-29","22",26824,21109,9639,16873
bot,,"2026-07-29","23",23207,18033,7839,15117
bot,,"2026-07-30","00",57128,45331,33082,23646
bot,,"2026-07-30","01",37803,32193,25688,11827
bot,,"2026-07-30","02",210,88,0,154
bot,,"2026-07-30","03",93,40,0,63
bot,,"2026-07-30","04",98,35,0,84
bot,,"2026-07-30","05",46,14,0,38
bot,,"2026-07-30","06",34,14,0,24
bot,,"2026-07-30","07",43,23,0,26
bot,,"2026-07-30","08",30,19,0,17
bot,,"2026-07-30","09",16,11,0,5
bot,,"2026-07-30","10",257,251,238,8
bot,,"2026-07-30","11",1260,1235,1216,30
bot,,"2026-07-30","12",3242,3225,3201,22
bot,,"2026-07-30","13",5841,5761,5726,94
bot,,"2026-07-30","14",6893,6585,6396,468
bot,,"2026-07-30","15",1919,1638,1318,531
bot,,"2026-07-30","16",28280,23470,16940,11209
bot,,"2026-07-30","17",68911,62385,45429,23261
bot,,"2026-07-30","18",134425,119767,81936,52165
bot,,"2026-07-30","19",111858,99192,66449,44927
bot,,"2026-07-30","20",116838,95258,70078,46048
bot,,"2026-07-30","21",31838,27283,16049,15439
bot,,"2026-07-30","22",27725,23815,15764,11775
bot,,"2026-07-30","23",19687,16180,10295,9247
bot,,"2026-07-31","00",4143,2622,1036,3006
bot,,"2026-07-31","01",317,152,0,235
bot,,"2026-07-31","02",173,55,2,135
bot,,"2026-07-31","03",126,26,0,117
bot,,"2026-07-31","04",67,21,0,58
bot,,"2026-07-31","05",91,36,0,67
bot,,"2026-07-31","06",46,24,0,29
bot,,"2026-07-31","07",46,25,0,25
bot,,"2026-07-31","08",19,14,0,7
bot,,"2026-07-31","09",17,12,0,6
bot,,"2026-07-31","10",156,150,141,9
bot,,"2026-07-31","11",9392,9381,9346,20
bot,,"2026-07-31","12",251,238,156,21
bot,,"2026-07-31","13",5732,5652,5576,107
bot,,"2026-07-31","14",5908,5670,5471,394
bot,,"2026-07-31","15",6704,6436,6222,453
bot,,"2026-07-31","16",101681,86921,54192,46854
bot,,"2026-07-31","17",131910,112784,75160,55803
bot,,"2026-07-31","18",108356,94593,62573,45103
bot,,"2026-07-31","19",96409,86103,59598,36311
bot,,"2026-07-31","20",18544,16528,12380,6051
bot,,"2026-07-31","21",29703,25497,16104,13365
bot,,"2026-07-31","22",92622,76771,56747,35159
bot,,"2026-07-31","23",25824,21500,14274,11275
bot,,"2026-08-01","00",12409,10582,6872,5383
bot,,"2026-08-01","01",826,210,4,796
bot,,"2026-08-01","02",322,104,1,296
bot,,"2026-08-01","03",174,69,1,122
bot,,"2026-08-01","04",993,266,9,970
bot,,"2026-08-01","05",85,30,0,76
bot,,"2026-08-01","06",43,14,0,37
bot,,"2026-08-01","07",21,19,0,20
bot,,"2026-08-01","08",14,8,0,8
bot,,"2026-08-01","09",14,10,0,4
bot,,"2026-08-01","10",20,17,0,5
bot,,"2026-08-01","11",1559,1519,1482,52
bot,,"2026-08-01","12",908,832,788,94
bot,,"2026-08-01","13",4914,4874,4799,68
bot,,"2026-08-01","14",3421,3326,3196,152
bot,,"2026-08-01","15",4964,4469,4209,733
bot,,"2026-08-01","16",75093,65141,49979,24318
bot,,"2026-08-01","17",51096,43405,28581,22090
bot,,"2026-08-01","18",128063,114128,78343,49108
bot,,"2026-08-01","19",34808,26755,17446,16973
bot,,"2026-08-01","20",35274,28248,19663,15133
bot,,"2026-08-01","21",48412,39396,28213,19659
bot,,"2026-08-01","22",43257,33741,21659,21097
bot,,"2026-08-01","23",28919,23638,16669,11891
bot,,"2026-08-02","00",156,82,1,89
bot,,"2026-08-02","01",137,76,0,72
bot,,"2026-08-02","02",84,33,1,62
bot,,"2026-08-02","03",51,22,1,40
bot,,"2026-08-02","04",53,29,0,40
bot,,"2026-08-02","05",35,10,0,29
bot,,"2026-08-02","06",31,11,0,28
bot,,"2026-08-02","07",17,14,0,8
bot,,"2026-08-02","08",9,6,0,4
bot,,"2026-08-02","09",18,8,0,14
bot,,"2026-08-02","10",44,43,0,1
bot,,"2026-08-02","11",55,47,0,10
bot,,"2026-08-02","12",44,39,18,5
bot,,"2026-08-02","13",211,200,147,14
bot,,"2026-08-02","14",77,50,0,41
bot,,"2026-08-02","15",105,43,0,78
bot,,"2026-08-02","16",163,85,0,101
bot,,"2026-08-02","17",1124,975,534,529
bot,,"2026-08-02","18",3879,3085,1602,2196
bot,,"2026-08-02","19",2432,600,12,2361
bot,,"2026-08-02","20",412,146,0,337
bot,,"2026-08-02","21",142,76,0,89
bot,,"2026-08-02","22",131,58,0,97
bot,,"2026-08-02","23",116,58,0,83
bot,,"2026-08-03","00",112,65,0,70
bot,,"2026-08-03","01",160,78,0,103
bot,,"2026-08-03","02",83,40,0,54
bot,,"2026-08-03","03",83,19,2,71
bot,,"2026-08-03","04",65,34,0,42
bot,,"2026-08-03","05",45,19,0,34
bot,,"2026-08-03","06",23,13,0,13
bot,,"2026-08-03","07",23,16,0,12
bot,,"2026-08-03","08",24,21,0,4
bot,,"2026-08-03","09",28,25,0,3
bot,,"2026-08-03","10",11,5,0,6
bot,,"2026-08-03","11",1076,1073,1057,5
bot,,"2026-08-03","12",65,50,0,18
bot,,"2026-08-03","13",2492,2385,2293,143
bot,,"2026-08-03","14",3432,3094,2885,481
bot,,"2026-08-03","15",2726,2354,2138,518
bot,,"2026-08-03","16",10051,9103,6904,3018
bot,,"2026-08-03","17",6930,6769,6635,235
bot,,"2026-08-03","18",18085,14225,8486,9335
bot,,"2026-08-03","19",23720,18206,11490,11970
bot,,"2026-08-03","20",31440,26436,19318,11930
bot,,"2026-08-03","21",121958,103558,65763,55556
bot,,"2026-08-03","22",140972,120138,67761,72168
bot,,"2026-08-03","23",132628,113051,77383,54426
bot,,"2026-08-04","00",43273,35015,24899,17935
bot,,"2026-08-04","01",507,262,72,308
bot,,"2026-08-04","02",320,197,45,190
bot,,"2026-08-04","03",308,173,86,188
bot,,"2026-08-04","04",114,67,0,66
bot,,"2026-08-04","05",66,35,0,40
bot,,"2026-08-04","06",36,20,0,22
bot,,"2026-08-04","07",20,7,0,14
bot,,"2026-08-04","08",16,13,0,7
bot,,"2026-08-04","09",28,20,2,9
bot,,"2026-08-04","10",26,25,0,2
bot,,"2026-08-04","11",28,21,0,8
bot,,"2026-08-04","12",991,961,921,33
bot,,"2026-08-04","13",837,728,664,131
bot,,"2026-08-04","14",1411,1200,1043,333
bot,,"2026-08-04","15",975,517,208,691
bot,,"2026-08-04","16",4014,3720,3544,405
bot,,"2026-08-04","17",5292,4224,2518,2619
bot,,"2026-08-04","18",10123,6716,4097,5887
bot,,"2026-08-04","19",36929,31157,19195,17570
bot,,"2026-08-04","20",10426,8359,5067,5233
bot,,"2026-08-04","21",113503,98372,58606,54452
bot,,"2026-08-04","22",47111,41582,28023,18770
bot,,"2026-08-04","23",337,146,0,254
bot,,"2026-08-05","00",311,138,1,234
bot,,"2026-08-05","01",812,585,208,535
bot,,"2026-08-05","02",784,372,182,543
bot,,"2026-08-05","03",89,29,0,75
bot,,"2026-08-05","04",153,90,0,138
bot,,"2026-08-05","05",74,23,0,70
bot,,"2026-08-05","06",51,19,0,37
bot,,"2026-08-05","07",13,12,0,9
bot,,"2026-08-05","08",17,6,0,11
bot,,"2026-08-05","09",17,9,0,8
bot,,"2026-08-05","10",37,29,0,9
bot,,"2026-08-05","11",454,444,403,12
bot,,"2026-08-05","12",239,186,141,61
bot,,"2026-08-05","13",2127,2036,1991,112
bot,,"2026-08-05","14",4120,4010,3941,141
bot,,"2026-08-05","15",2763,2196,1759,948
bot,,"2026-08-05","16",9607,8742,7620,1938
bot,,"2026-08-05","17",15554,14438,13146,2323
bot,,"2026-08-05","18",24259,20033,13725,10312
bot,,"2026-08-05","19",49086,39720,26764,22040
bot,,"2026-08-05","20",66542,58082,38155,28143
bot,,"2026-08-05","21",141747,121256,74371,66663
bot,,"2026-08-05","22",132168,111832,73494,57904
bot,,"2026-08-05","23",66913,55448,34530,31789
bot,,"2026-08-06","00",7766,6709,4575,3072
bot,,"2026-08-06","01",263,126,1,178
bot,,"2026-08-06","02",170,66,0,133
bot,,"2026-08-06","03",134,53,0,100
bot,,"2026-08-06","04",109,63,1,71
bot,,"2026-08-06","05",44,20,0,31
bot,,"2026-08-06","06",61,11,0,54
bot,,"2026-08-06","07",49,20,0,31
bot,,"2026-08-06","08",16,8,0,13
bot,,"2026-08-06","09",19,12,0,8
bot,,"2026-08-06","10",35,20,0,20
bot,,"2026-08-06","11",408,400,347,14
bot,,"2026-08-06","12",183,164,143,23
bot,,"2026-08-06","13",140,96,31,74
bot,,"2026-08-06","14",579,221,17,521
bot,,"2026-08-06","15",4576,3878,3281,1249
bot,,"2026-08-06","16",9592,7270,4036,5437
bot,,"2026-08-06","17",6875,5318,3664,3126
bot,,"2026-08-06","18",96523,81912,60210,35613
bot,,"2026-08-06","19",3995,1916,962,2968
bot,,"2026-08-06","20",97549,82299,43035,54061
bot,,"2026-08-06","21",1535,707,125,1274
bot,,"2026-08-06","22",2766,1712,616,2071
bot,,"2026-08-06","23",5999,3734,1507,4379
bot,,"2026-08-07","00",2161,1639,753,1322
bot,,"2026-08-07","01",14904,9708,4178,10487
bot,,"2026-08-07","02",326,209,90,170
bot,,"2026-08-07","03",189,63,0,157
bot,,"2026-08-07","04",437,113,1,421
bot,,"2026-08-07","05",112,36,0,101
bot,,"2026-08-07","06",50,27,0,31
bot,,"2026-08-07","07",416,122,3,406
bot,,"2026-08-07","08",31,20,0,17
bot,,"2026-08-07","09",6,1,0,5
bot,,"2026-08-07","10",35,31,0,7
bot,,"2026-08-07","11",693,676,663,19
bot,,"2026-08-07","12",3222,3178,3134,46
bot,,"2026-08-07","13",9540,9509,9449,53
bot,,"2026-08-07","14",5090,5000,4923,120
bot,,"2026-08-07","15",618,309,35,509
bot,,"2026-08-07","16",18293,15149,10607,7567
bot,,"2026-08-07","17",41315,34764,24066,16955
bot,,"2026-08-07","18",78801,66360,48332,29819
bot,,"2026-08-07","19",28698,22664,14152,14233
bot,,"2026-08-07","20",3446,2321,1264,2137
bot,,"2026-08-07","21",46993,37663,23209,23343
bot,,"2026-08-07","22",64302,51761,33976,29754
bot,,"2026-08-07","23",17877,14424,9154,8484
bot,,"2026-08-08","00",659,440,169,462
bot,,"2026-08-08","01",496,258,115,323
bot,,"2026-08-08","02",321,101,0,292
bot,,"2026-08-08","03",109,46,0,84
bot,,"2026-08-08","04",302,82,1,287
bot,,"2026-08-08","05",45,18,1,36
bot,,"2026-08-08","06",23,11,0,21
bot,,"2026-08-08","07",28,10,0,18
bot,,"2026-08-08","08",15,10,3,7
bot,,"2026-08-08","09",26,23,0,8
bot,,"2026-08-08","10",17,15,0,3
bot,,"2026-08-08","11",2289,2284,2273,6
bot,,"2026-08-08","12",229,219,195,12
bot,,"2026-08-08","13",508,416,349,113
bot,,"2026-08-08","14",176,94,0,113
bot,,"2026-08-08","15",757,253,0,725
bot,,"2026-08-08","16",70887,64181,39419,31133
bot,,"2026-08-08","17",8787,7190,4887,3805
bot,,"2026-08-08","18",11385,9088,4923,6334
bot,,"2026-08-08","19",73064,61278,42333,30141
bot,,"2026-08-08","20",242,120,1,171
bot,,"2026-08-08","21",5203,4595,3333,1787
bot,,"2026-08-08","22",9534,7912,4302,5168
bot,,"2026-08-08","23",168,92,0,110
bot,,"2026-08-09","00",113,55,0,76
bot,,"2026-08-09","01",61,38,0,26
bot,,"2026-08-09","02",178,56,0,148
bot,,"2026-08-09","03",82,36,0,59
bot,,"2026-08-09","04",222,75,0,199
bot,,"2026-08-09","05",49,23,0,36
bot,,"2026-08-09","06",49,27,0,31
bot,,"2026-08-09","07",37,20,0,23
bot,,"2026-08-09","08",19,16,0,3
bot,,"2026-08-09","09",17,13,0,5
bot,,"2026-08-09","10",14,10,0,5
bot,,"2026-08-09","11",24,12,0,13
bot,,"2026-08-09","12",226,221,201,5
bot,,"2026-08-09","13",6762,6714,6536,50
bot,,"2026-08-09","14",3074,3021,2958,79
bot,,"2026-08-09","15",7487,7436,7361,72
bot,,"2026-08-09","16",6693,6645,6569,66
bot,,"2026-08-09","17",13708,12856,10772,2873
bot,,"2026-08-09","18",94125,78925,52862,40757
bot,,"2026-08-09","19",34501,28724,17712,16478
bot,,"2026-08-09","20",55272,46344,31891,22883
bot,,"2026-08-09","21",52007,43740,30458,21152
bot,,"2026-08-09","22",28250,23787,16760,11295
bot,,"2026-08-09","23",16642,14181,9580,6899
bot,,"2026-08-10","00",127,62,0,77
bot,,"2026-08-10","01",90,47,0,50
bot,,"2026-08-10","02",66,31,0,33
bot,,"2026-08-10","03",27,16,0,13
bot,,"2026-08-10","04",80,22,0,67
bot,,"2026-08-10","05",98,23,0,96
bot,,"2026-08-10","06",190,46,0,180
bot,,"2026-08-10","07",52,15,0,48
bot,,"2026-08-10","08",10,3,0,7
bot,,"2026-08-10","09",283,273,265,14
bot,,"2026-08-10","10",468,408,387,78
bot,,"2026-08-10","11",208,59,0,188
bot,,"2026-08-10","12",377,361,338,20
bot,,"2026-08-10","13",2893,2826,2747,76
bot,,"2026-08-10","14",4605,4251,3694,846
bot,,"2026-08-10","15",8052,6672,4161,3743
bot,,"2026-08-10","16",4802,4386,3979,747
bot,,"2026-08-10","17",11149,8932,5403,5643
bot,,"2026-08-10","18",26373,21966,14978,11145
bot,,"2026-08-10","19",26594,21215,13368,12938
bot,,"2026-08-10","20",15699,12812,8181,7234
bot,,"2026-08-10","21",23187,18526,11183,11616
bot,,"2026-08-10","22",15567,11211,6064,9191
bot,,"2026-08-10","23",41010,33263,20549,19915
bot,,"2026-08-11","00",16982,13668,8557,8228
bot,,"2026-08-11","01",202,88,1,155
bot,,"2026-08-11","02",193,91,0,142
bot,,"2026-08-11","03",138,66,0,119
bot,,"2026-08-11","04",90,19,0,74
bot,,"2026-08-11","05",51,26,0,44
bot,,"2026-08-11","06",36,19,0,24
bot,,"2026-08-11","07",31,17,0,20
bot,,"2026-08-11","08",19,12,0,10
bot,,"2026-08-11","09",21,14,0,9
bot,,"2026-08-11","10",32,20,0,12
bot,,"2026-08-11","11",377,367,317,15
bot,,"2026-08-11","12",790,768,743,25
bot,,"2026-08-11","13",117,81,25,41
bot,,"2026-08-11","14",1121,964,720,364
bot,,"2026-08-11","15",2523,2133,1904,586
bot,,"2026-08-11","16",2169,1462,676,1408
bot,,"2026-08-11","17",10588,7653,4204,6291
bot,,"2026-08-11","18",9599,7253,5149,4346
bot,,"2026-08-11","19",7510,6252,5354,2073
bot,,"2026-08-11","20",6801,5561,2713,3952
bot,,"2026-08-11","21",4232,2792,1699,2445
bot,,"2026-08-11","22",7224,4823,2465,4619
bot,,"2026-08-11","23",60144,53753,36087,23887
bot,,"2026-08-12","00",140017,124912,79259,60302
bot,,"2026-08-12","01",26432,23174,14633,11698
bot,,"2026-08-12","02",196,95,0,146
bot,,"2026-08-12","03",120,33,0,113
bot,,"2026-08-12","04",92,48,0,57
bot,,"2026-08-12","05",82,50,0,38
bot,,"2026-08-12","06",31,13,0,28
bot,,"2026-08-12","07",39,29,0,14
bot,,"2026-08-12","08",66,42,0,36
bot,,"2026-08-12","09",16,9,0,8
bot,,"2026-08-12","10",408,375,341,46
bot,,"2026-08-12","11",182,171,151,12
bot,,"2026-08-12","12",412,398,363,20
bot,,"2026-08-12","13",2647,2598,2519,74
bot,,"2026-08-12","14",4568,4420,4311,224
bot,,"2026-08-12","15",10346,7825,5733,4534
bot,,"2026-08-12","16",13811,12224,9500,4244
bot,,"2026-08-12","17",20607,17464,12628,7886
bot,,"2026-08-12","18",27514,23388,17732,9591
bot,,"2026-08-12","19",86025,74873,48589,37031
bot,,"2026-08-12","20",38534,32017,20734,17506
bot,,"2026-08-12","21",116387,103620,72959,43111
bot,,"2026-08-12","22",141117,124177,82225,58437
bot,,"2026-08-12","23",140865,122813,75725,64495
bot,,"2026-08-13","00",52809,45400,28937,23641
bot,,"2026-08-13","01",1109,605,160,881
bot,,"2026-08-13","02",165,80,0,140
bot,,"2026-08-13","03",338,119,0,306
bot,,"2026-08-13","04",131,62,0,104
bot,,"2026-08-13","05",404,134,0,387
bot,,"2026-08-13","06",90,43,2,61
bot,,"2026-08-13","07",34,23,0,27
bot,,"2026-08-13","08",29,16,0,21
bot,,"2026-08-13","09",25,10,0,16
bot,,"2026-08-13","10",265,221,177,67
bot,,"2026-08-13","11",434,420,407,16
bot,,"2026-08-13","12",1521,1502,1461,30
bot,,"2026-08-13","13",4382,4340,4267,73
bot,,"2026-08-13","14",4515,4217,3994,453
bot,,"2026-08-13","15",2252,2024,1837,328
bot,,"2026-08-13","16",4798,3594,2024,2680
bot,,"2026-08-13","17",55420,45642,30023,25170
bot,,"2026-08-13","18",141896,128798,84692,53256
bot,,"2026-08-13","19",141697,127920,84463,53207
bot,,"2026-08-13","20",60962,54171,36712,23944
bot,,"2026-08-13","21",18688,13007,6120,12475
bot,,"2026-08-13","22",3190,2707,1704,1403
bot,,"2026-08-13","23",32662,27684,16452,16009
bot,,"2026-08-14","00",5670,4210,2201,3368
bot,,"2026-08-14","01",335,178,1,215
bot,,"2026-08-14","02",252,114,0,186
bot,,"2026-08-14","03",179,84,0,137
bot,,"2026-08-14","04",136,71,0,112
bot,,"2026-08-14","05",84,48,0,65
bot,,"2026-08-14","06",47,17,0,41
bot,,"2026-08-14","07",27,10,0,26
bot,,"2026-08-14","08",22,11,0,20
bot,,"2026-08-14","09",28,17,0,14
bot,,"2026-08-14","10",548,540,523,14
bot,,"2026-08-14","11",42,25,0,26
bot,,"2026-08-14","12",8376,8345,8299,40
bot,,"2026-08-14","13",3397,3303,3209,138
bot,,"2026-08-14","14",5954,5686,5474,406
bot,,"2026-08-14","15",10527,9766,8454,1996
bot,,"2026-08-14","16",11949,9911,9307,2599
bot,,"2026-08-14","17",123932,87145,50797,71872
bot,,"2026-08-14","18",97818,86167,58271,39008
bot,,"2026-08-14","19",144295,128833,83821,59644
bot,,"2026-08-14","20",140559,122613,75107,64815
bot,,"2026-08-14","21",140697,119923,77041,62905
bot,,"2026-08-14","22",139061,117892,72990,65296
bot,,"2026-08-14","23",45501,36210,20830,24145
bot,,"2026-08-15","00",21417,17246,11147,10067
bot,,"2026-08-15","01",4258,3751,2579,1571
bot,,"2026-08-15","02",177,90,0,110
bot,,"2026-08-15","03",286,90,0,266
bot,,"2026-08-15","04",301,98,0,260
bot,,"2026-08-15","05",499,188,2,488
bot,,"2026-08-15","06",46,18,0,41
bot,,"2026-08-15","07",54,29,0,44
bot,,"2026-08-15","08",21,12,0,13
bot,,"2026-08-15","09",21,7,0,15
bot,,"2026-08-15","10",720,713,689,12
bot,,"2026-08-15","11",5605,5587,5557,25
bot,,"2026-08-15","12",847,824,802,32
bot,,"2026-08-15","13",3826,3762,3688,101
bot,,"2026-08-15","14",4864,4467,4289,534
bot,,"2026-08-15","15",24320,11637,6194,18031
bot,,"2026-08-15","16",54810,38908,25191,29230
bot,,"2026-08-15","17",10487,9072,6563,3798
bot,,"2026-08-15","18",27306,22436,13975,13047
bot,,"2026-08-15","19",46354,37910,22962,23088
bot,,"2026-08-15","20",29369,23767,14720,14363
bot,,"2026-08-15","21",27252,22202,13887,13094
bot,,"2026-08-15","22",7143,5833,2770,4187
bot,,"2026-08-15","23",205,103,0,162
bot,,"2026-08-16","00",168,68,0,130
bot,,"2026-08-16","01",156,72,0,130
bot,,"2026-08-16","02",53,20,0,39
bot,,"2026-08-16","03",75,50,0,35
bot,,"2026-08-16","04",42,30,0,14
bot,,"2026-08-16","05",65,24,0,53
bot,,"2026-08-16","06",31,22,0,18
bot,,"2026-08-16","07",380,131,0,369
bot,,"2026-08-16","08",38,31,0,24
bot,,"2026-08-16","09",80,38,0,66
bot,,"2026-08-16","10",31,22,6,14
bot,,"2026-08-16","11",34,24,16,16
bot,,"2026-08-16","12",2756,2529,2434,315
bot,,"2026-08-16","13",7359,7325,7300,46
bot,,"2026-08-16","14",156,93,0,94
bot,,"2026-08-16","15",540,402,157,320
bot,,"2026-08-16","16",289,180,62,200
bot,,"2026-08-16","17",91984,80993,54769,36947
bot,,"2026-08-16","18",98637,82638,51024,46954
bot,,"2026-08-16","19",706,268,1,651
bot,,"2026-08-16","20",199,89,0,154
bot,,"2026-08-16","21",103687,71531,33927,68921
bot,,"2026-08-16","22",24493,7325,91,24317
bot,,"2026-08-16","23",2137,544,0,2053
bot,,"2026-08-17","00",179,89,0,116
bot,,"2026-08-17","01",145,66,0,106
bot,,"2026-08-17","02",114,47,0,87
bot,,"2026-08-17","03",120,73,0,77
bot,,"2026-08-17","04",89,42,0,65
bot,,"2026-08-17","05",69,41,0,46
bot,,"2026-08-17","06",39,15,0,29
bot,,"2026-08-17","07",24,19,0,14
bot,,"2026-08-17","08",17,14,0,6
bot,,"2026-08-17","09",37,34,0,9
bot,,"2026-08-17","10",46,39,0,7
bot,,"2026-08-17","11",48,43,5,8
bot,,"2026-08-17","12",2667,2648,2591,26
bot,,"2026-08-17","13",4346,4313,4259,46
bot,,"2026-08-17","14",2720,2667,2582,103
bot,,"2026-08-17","15",13983,13637,13358,562
bot,,"2026-08-17","16",5400,5160,5047,320
bot,,"2026-08-17","17",26970,21265,13692,13024
bot,,"2026-08-17","18",42234,36220,25678,16241
bot,,"2026-08-17","19",26624,22292,14720,11613
bot,,"2026-08-17","20",78838,68010,39191,38860
bot,,"2026-08-17","21",38944,31453,18823,19755
bot,,"2026-08-17","22",38711,30497,18977,19318
bot,,"2026-08-17","23",37471,30850,18701,18414
bot,,"2026-08-18","00",20128,15106,7827,12074
bot,,"2026-08-18","01",53314,44219,33606,19300
bot,,"2026-08-18","02",2235,1652,857,1298
bot,,"2026-08-18","03",118,60,0,80
bot,,"2026-08-18","04",98,43,0,75
bot,,"2026-08-18","05",98,58,0,56
bot,,"2026-08-18","06",45,27,0,27
bot,,"2026-08-18","07",39,29,0,13
bot,,"2026-08-18","08",32,26,0,18
bot,,"2026-08-18","09",30,27,1,5
bot,,"2026-08-18","10",489,477,444,21
bot,,"2026-08-18","11",304,296,278,11
bot,,"2026-08-18","12",567,552,512,29
bot,,"2026-08-18","13",679,638,594,65
bot,,"2026-08-18","14",2152,1157,605,1461
bot,,"2026-08-18","15",5574,3127,1444,4037
bot,,"2026-08-18","16",18575,15003,10207,8302
bot,,"2026-08-18","17",6529,5103,2718,3693
bot,,"2026-08-18","18",20884,17423,9684,10930
bot,,"2026-08-18","19",87128,67936,38539,47899
bot,,"2026-08-18","20",25772,21548,13638,11994
bot,,"2026-08-18","21",28820,22064,14257,14225
bot,,"2026-08-18","22",1363,951,362,933
bot,,"2026-08-18","23",15931,13430,9475,6384
bot,,"2026-08-19","00",46746,40275,32780,13587
bot,,"2026-08-19","01",240,143,2,150
bot,,"2026-08-19","02",146,71,0,93
bot,,"2026-08-19","03",214,79,0,193
bot,,"2026-08-19","04",397,119,0,386
bot,,"2026-08-19","05",190,63,1,179
bot,,"2026-08-19","06",28,16,0,19
bot,,"2026-08-19","07",386,142,0,354
bot,,"2026-08-19","08",50,34,0,30
bot,,"2026-08-19","09",33,20,0,17
bot,,"2026-08-19","10",399,396,389,5
bot,,"2026-08-19","11",276,262,244,14
bot,,"2026-08-19","12",1007,983,943,32
bot,,"2026-08-19","13",3634,3585,3534,69
bot,,"2026-08-19","14",4300,3844,3596,651
bot,,"2026-08-19","15",14138,9508,7364,6716
bot,,"2026-08-19","16",15792,12435,9862,5863
bot,,"2026-08-19","17",15967,12753,8946,6900
bot,,"2026-08-19","18",43655,38368,29551,13845
bot,,"2026-08-19","19",30691,25981,16953,13477
bot,,"2026-08-19","20",72998,63013,39253,33193
bot,,"2026-08-19","21",82505,70396,44962,36985
bot,,"2026-08-19","22",44758,35948,25674,18656
bot,,"2026-08-19","23",120285,103217,71954,47325
bot,,"2026-08-20","00",24020,19850,12227,11518
bot,,"2026-08-20","01",1056,684,336,682
bot,,"2026-08-20","02",123,59,0,92
bot,,"2026-08-20","03",317,98,0,286
bot,,"2026-08-20","04",284,96,0,263
bot,,"2026-08-20","05",296,59,0,276
bot,,"2026-08-20","06",34,16,0,26
bot,,"2026-08-20","07",42,25,0,23
bot,,"2026-08-20","08",39,33,0,9
bot,,"2026-08-20","09",12,10,0,4
bot,,"2026-08-20","10",153,149,132,8
bot,,"2026-08-20","11",468,464,434,7
bot,,"2026-08-20","12",55,35,11,28
bot,,"2026-08-20","13",4242,4164,4104,99
bot,,"2026-08-20","14",5459,5338,5204,176
bot,,"2026-08-20","15",4197,2956,1798,2357
bot,,"2026-08-20","16",7197,5625,3644,3451
bot,,"2026-08-20","17",4773,4267,3861,831
bot,,"2026-08-20","18",42622,33466,22889,19418
bot,,"2026-08-20","19",88817,52635,29119,59069
bot,,"2026-08-20","20",9198,6571,3977,5117
bot,,"2026-08-20","21",63251,53781,34461,28502
bot,,"2026-08-20","22",90572,72740,45984,43839
bot,,"2026-08-20","23",315,111,0,254
bot,,"2026-08-21","00",296,109,1,231
bot,,"2026-08-21","01",448,269,81,338
bot,,"2026-08-21","02",5301,4090,2626,2597
bot,,"2026-08-21","03",171,69,0,140
bot,,"2026-08-21","04",108,46,0,84
bot,,"2026-08-21","05",67,16,0,60
bot,,"2026-08-21","06",67,33,0,54
bot,,"2026-08-21","07",36,26,0,24
bot,,"2026-08-21","08",24,18,0,8
bot,,"2026-08-21","09",34,15,0,20
bot,,"2026-08-21","10",409,407,390,3
bot,,"2026-08-21","11",6729,6715,6696,19
bot,,"2026-08-21","12",4630,4599,4558,36
bot,,"2026-08-21","13",6029,5947,5849,139
bot,,"2026-08-21","14",7780,6948,6591,1151
bot,,"2026-08-21","15",17696,13727,9366,8188
bot,,"2026-08-21","16",73852,58391,42281,31011
bot,,"2026-08-21","17",46419,39453,26217,19810
bot,,"2026-08-21","18",93600,80466,51837,40903
bot,,"2026-08-21","19",72046,60729,38424,33052
bot,,"2026-08-21","20",33448,27607,16837,16332
bot,,"2026-08-21","21",79730,69795,47078,32169
bot,,"2026-08-21","22",52730,43837,30338,22103
bot,,"2026-08-21","23",114875,96151,58002,56272
bot,,"2026-08-22","00",2936,1951,969,1894
bot,,"2026-08-22","01",1717,644,155,1535
bot,,"2026-08-22","02",1259,811,434,754
bot,,"2026-08-22","03",196,70,0,169
bot,,"2026-08-22","04",90,25,0,81
bot,,"2026-08-22","05",83,43,0,56
bot,,"2026-08-22","06",43,27,0,25
bot,,"2026-08-22","07",29,20,0,16
bot,,"2026-08-22","08",879,866,843,11
bot,,"2026-08-22","09",17,9,0,13
bot,,"2026-08-22","10",49,42,36,7
bot,,"2026-08-22","11",525,519,504,12
bot,,"2026-08-22","12",11803,11786,11765,20
bot,,"2026-08-22","13",28398,24625,14683,13625
bot,,"2026-08-22","14",2681,1573,1143,1498
bot,,"2026-08-22","15",796,578,373,360
bot,,"2026-08-22","16",23723,17529,11521,12102
bot,,"2026-08-22","17",114883,93509,67279,46887
bot,,"2026-08-22","18",79881,67229,41708,37907
bot,,"2026-08-22","19",39827,35530,25654,13989
bot,,"2026-08-22","20",2841,1839,723,2019
bot,,"2026-08-22","21",89865,78652,51122,38316
bot,,"2026-08-22","22",25022,21208,13534,11256
bot,,"2026-08-22","23",902,274,0,868
bot,,"2026-08-23","00",905,327,2,806
bot,,"2026-08-23","01",319,131,1,268
bot,,"2026-08-23","02",84,39,1,64
bot,,"2026-08-23","03",84,29,0,70
bot,,"2026-08-23","04",59,18,0,48
bot,,"2026-08-23","05",30,10,0,23
bot,,"2026-08-23","06",47,28,0,35
bot,,"2026-08-23","07",34,26,0,11
bot,,"2026-08-23","08",11,3,0,10
bot,,"2026-08-23","09",26,18,0,13
bot,,"2026-08-23","10",2281,2271,2255,14
bot,,"2026-08-23","11",18,14,0,5
bot,,"2026-08-23","12",941,925,906,19
bot,,"2026-08-23","13",653,643,604,15
bot,,"2026-08-23","14",7385,5452,4804,2536
bot,,"2026-08-23","15",80302,68746,43147,36902
bot,,"2026-08-23","16",122,102,0,30
bot,,"2026-08-23","17",32291,27052,20863,11049
bot,,"2026-08-23","18",143581,123934,87763,55004
bot,,"2026-08-23","19",139581,122871,81769,57408
bot,,"2026-08-23","20",45641,40479,29147,16291
bot,,"2026-08-23","21",160,91,0,84
bot,,"2026-08-23","22",847,604,219,566
bot,,"2026-08-23","23",158,83,1,99
bot,,"2026-08-24","00",162,95,0,94
bot,,"2026-08-24","01",171,97,0,97
bot,,"2026-08-24","02",105,53,0,64
bot,,"2026-08-24","03",45,26,0,21
bot,,"2026-08-24","04",83,29,0,64
bot,,"2026-08-24","05",308,76,0,285
bot,,"2026-08-24","06",89,39,0,80
bot,,"2026-08-24","07",27,20,0,17
bot,,"2026-08-24","08",8,2,0,6
bot,,"2026-08-24","09",210,69,1,190
bot,,"2026-08-24","10",251,245,219,8
bot,,"2026-08-24","11",21,10,0,15
bot,,"2026-08-24","12",493,464,416,42
bot,,"2026-08-24","13",451,383,328,90
bot,,"2026-08-24","14",3494,2816,2501,957
bot,,"2026-08-24","15",5932,5274,4490,1361
bot,,"2026-08-24","16",7455,7046,6816,561
bot,,"2026-08-24","17",27873,20461,14106,13672
bot,,"2026-08-24","18",20415,15054,11893,8390
bot,,"2026-08-24","19",96368,81885,51137,44905
bot,,"2026-08-24","20",55102,45397,28758,26001
bot,,"2026-08-24","21",140662,117582,72433,67616
bot,,"2026-08-24","22",85777,69280,41564,43710
bot,,"2026-08-24","23",71871,55290,38119,33351
bot,,"2026-08-25","00",26667,21057,13964,12530
bot,,"2026-08-25","01",7831,5210,1711,5981
bot,,"2026-08-25","02",1725,1135,552,1093
bot,,"2026-08-25","03",149,61,0,112
bot,,"2026-08-25","04",94,36,0,81
bot,,"2026-08-25","05",96,48,0,64
bot,,"2026-08-25","06",37,17,0,29
bot,,"2026-08-25","07",37,30,0,21
bot,,"2026-08-25","08",17,15,0,2
bot,,"2026-08-25","09",31,28,1,4
bot,,"2026-08-25","10",212,206,165,7
bot,,"2026-08-25","11",500,487,455,15
bot,,"2026-08-25","12",67,43,0,27
bot,,"2026-08-25","13",217,158,118,69
bot,,"2026-08-25","14",3124,2822,2561,498
bot,,"2026-08-25","15",4446,2827,1781,2598
bot,,"2026-08-25","16",13019,10394,8030,4865
bot,,"2026-08-25","17",11295,5257,3218,8046
bot,,"2026-08-25","18",6535,4133,2997,3450
bot,,"2026-08-25","19",93124,78633,47960,44835
bot,,"2026-08-25","20",37771,33004,19739,17858
bot,,"2026-08-25","21",49351,40454,30679,18399
bot,,"2026-08-25","22",26565,20554,14078,12276
bot,,"2026-08-25","23",73901,66400,45484,28291
bot,,"2026-08-26","00",100958,85343,58824,41973
bot,,"2026-08-26","01",4913,3900,1940,2871
bot,,"2026-08-26","02",174,71,1,147
bot,,"2026-08-26","03",159,37,0,154
bot,,"2026-08-26","04",117,28,0,100
bot,,"2026-08-26","05",93,50,0,54
bot,,"2026-08-26","06",30,11,0,25
bot,,"2026-08-26","07",38,17,0,29
bot,,"2026-08-26","08",39,22,0,22
bot,,"2026-08-26","09",25,24,0,2
bot,,"2026-08-26","10",12,8,0,9
bot,,"2026-08-26","11",5859,5846,5822,18
bot,,"2026-08-26","12",1065,1054,1027,33
bot,,"2026-08-26","13",1545,1472,1413,108
bot,,"2026-08-26","14",2936,2600,2357,511
bot,,"2026-08-26","15",1024,781,635,326
bot,,"2026-08-26","16",58947,46864,33350,25130
bot,,"2026-08-26","17",24995,22077,16542,8275
bot,,"2026-08-26","18",49393,43962,28498,20781
bot,,"2026-08-26","19",71712,57780,34197,37317
bot,,"2026-08-26","20",31958,26086,17800,14067
bot,,"2026-08-26","21",135155,122709,85126,49754
bot,,"2026-08-26","22",144104,119210,79124,64431
bot,,"2026-08-26","23",104104,88835,57519,46310
bot,,"2026-08-27","00",23938,18259,10517,13272
bot,,"2026-08-27","01",13259,10296,6952,6156
bot,,"2026-08-27","02",172,65,1,134
bot,,"2026-08-27","03",121,54,0,97
bot,,"2026-08-27","04",161,41,0,129
bot,,"2026-08-27","05",94,43,0,62
bot,,"2026-08-27","06",97,69,0,51
bot,,"2026-08-27","07",33,16,0,22
bot,,"2026-08-27","08",21,17,0,4
bot,,"2026-08-27","09",31,26,0,7
bot,,"2026-08-27","10",675,669,641,8
bot,,"2026-08-27","11",2351,2341,2317,11
bot,,"2026-08-27","12",9831,9805,9773,28
bot,,"2026-08-27","13",2626,2554,2450,97
bot,,"2026-08-27","14",1570,1128,847,661
bot,,"2026-08-27","15",10103,7580,4121,5864
bot,,"2026-08-27","16",40900,33346,23003,17748
bot,,"2026-08-27","17",128742,105241,68640,59591
bot,,"2026-08-27","18",100093,82711,48953,50914
bot,,"2026-08-27","19",26211,22078,13168,12906
bot,,"2026-08-27","20",11598,8369,5485,6014
bot,,"2026-08-27","21",100879,79942,46622,53972
bot,,"2026-08-27","22",32381,22396,12303,19933
bot,,"2026-08-27","23",27192,22055,13973,13087
bot,,"2026-08-28","00",10490,8877,5781,4653
bot,,"2026-08-28","01",397,169,27,337
bot,,"2026-08-28","02",199,69,0,170
bot,,"2026-08-28","03",174,66,0,143
bot,,"2026-08-28","04",110,39,0,101
bot,,"2026-08-28","05",81,39,0,56
bot,,"2026-08-28","06",56,18,0,49
bot,,"2026-08-28","07",20,12,0,14
bot,,"2026-08-28","08",48,41,0,9
bot,,"2026-08-28","09",10790,10783,10775,8
bot,,"2026-08-28","10",717,708,688,14
bot,,"2026-08-28","11",701,682,644,26
bot,,"2026-08-28","12",616,591,581,30
bot,,"2026-08-28","13",3547,3469,3373,107
bot,,"2026-08-28","14",88205,74786,56684,31203
bot,,"2026-08-28","15",28761,24691,15770,12883
bot,,"2026-08-28","16",21523,17666,10514,10837
bot,,"2026-08-28","17",25561,21710,12887,12490
bot,,"2026-08-28","18",125456,107872,63267,61568
bot,,"2026-08-28","19",141166,125111,74439,66316
bot,,"2026-08-28","20",154381,137912,84239,69783
bot,,"2026-08-28","21",145511,126609,72044,73217
bot,,"2026-08-28","22",142232,126391,71911,69741
bot,,"2026-08-28","23",142875,126064,74335,68181
bot,,"2026-08-29","00",141147,120835,76441,64395
bot,,"2026-08-29","01",134181,122859,76254,57521
bot,,"2026-08-29","02",85355,79249,54219,30974
bot,,"2026-08-29","03",326,76,0,289
bot,,"2026-08-29","04",233,61,0,204
bot,,"2026-08-29","05",167,70,0,128
bot,,"2026-08-29","06",99,34,0,90
bot,,"2026-08-29","07",38,17,0,33
bot,,"2026-08-29","08",14,5,0,12
bot,,"2026-08-29","09",24,13,0,16
bot,,"2026-08-29","10",313,307,283,9
bot,,"2026-08-29","11",936,922,902,19
bot,,"2026-08-29","12",1892,1883,1843,19
bot,,"2026-08-29","13",7788,7379,7118,580
bot,,"2026-08-29","14",4300,3982,3738,503
bot,,"2026-08-29","15",12454,8767,5819,6493
bot,,"2026-08-29","16",21352,17470,12305,8899
bot,,"2026-08-29","17",17177,14149,9863,7176
bot,,"2026-08-29","18",85719,73822,47047,38187
bot,,"2026-08-29","19",137490,118249,72206,65020
bot,,"2026-08-29","20",139600,127798,81885,57388
bot,,"2026-08-29","21",102257,91338,56194,45693
bot,,"2026-08-29","22",25870,20290,12630,13080
bot,,"2026-08-29","23",4852,1631,8,4791
bot,,"2026-08-30","00",2907,1146,9,2813
bot,,"2026-08-30","01",201,90,0,148
bot,,"2026-08-30","02",163,62,0,136
bot,,"2026-08-30","03",146,68,0,98
bot,,"2026-08-30","04",99,38,0,84
bot,,"2026-08-30","05",54,21,0,46
bot,,"2026-08-30","06",65,37,0,41
bot,,"2026-08-30","07",21,7,0,16
bot,,"2026-08-30","08",28,16,0,15
bot,,"2026-08-30","09",31,28,0,4
bot,,"2026-08-30","10",2216,2213,2200,4
bot,,"2026-08-30","11",6100,6088,6074,12
bot,,"2026-08-30","12",326,305,283,31
bot,,"2026-08-30","13",286,254,203,42
bot,,"2026-08-30","14",1796,1755,1676,69
bot,,"2026-08-30","15",21391,18177,12260,8976
bot,,"2026-08-30","16",49752,40955,28203,21191
bot,,"2026-08-30","17",18638,13932,7125,11445
bot,,"2026-08-30","18",19128,10372,2695,16385
bot,,"2026-08-30","19",17460,13251,7948,9366
bot,,"2026-08-30","20",459,141,0,401
bot,,"2026-08-30","21",1790,1373,495,1232
bot,,"2026-08-30","22",196,57,0,169
bot,,"2026-08-30","23",177,70,0,150
bot,,"2026-08-31","00",153,60,0,119
bot,,"2026-08-31","01",183,99,0,113
bot,,"2026-08-31","02",124,56,0,99
bot,,"2026-08-31","03",126,50,0,97
bot,,"2026-08-31","04",89,32,2,75
bot,,"2026-08-31","05",69,29,0,49
bot,,"2026-08-31","06",28,5,0,24
bot,,"2026-08-31","07",28,16,0,19
bot,,"2026-08-31","08",25,14,0,14
bot,,"2026-08-31","09",22,14,0,9
bot,,"2026-08-31","10",34,23,0,14
bot,,"2026-08-31","11",1307,1297,1256,11
bot,,"2026-08-31","12",1268,1237,1201,36
bot,,"2026-08-31","13",1222,1177,1069,80
bot,,"2026-08-31","14",9912,8792,7236,2619
bot,,"2026-08-31","15",9162,6936,4536,4540
bot,,"2026-08-31","16",51709,44027,23331,28226
bot,,"2026-08-31","17",19157,13703,6135,12875
bot,,"2026-08-31","18",21904,16056,7748,14000
bot,,"2026-08-31","19",123651,109609,61902,61435
bot,,"2026-08-31","20",116894,105755,59302,57267
bot,,"2026-08-31","21",29276,19082,9349,19726
bot,,"2026-08-31","22",31107,21408,11003,19899
bot,,"2026-08-31","23",19906,16031,9428,10305
bot,,"2026-09-01","00",10094,8748,6040,3914
bot,,"2026-09-01","01",469,178,3,392
bot,,"2026-09-01","02",385,126,2,342
bot,,"2026-09-01","03",349,96,0,324
bot,,"2026-09-01","04",173,60,0,132
bot,,"2026-09-01","05",125,52,0,88
bot,,"2026-09-01","06",50,26,0,36
bot,,"2026-09-01","07",43,26,0,26
bot,,"2026-09-01","08",28,11,0,19
bot,,"2026-09-01","09",27,12,0,15
bot,,"2026-09-01","10",12,3,0,9
bot,,"2026-09-01","11",54,35,0,27
bot,,"2026-09-01","12",101,76,0,40
bot,,"2026-09-01","13",490,413,342,92
bot,,"2026-09-01","14",1417,983,791,596
bot,,"2026-09-01","15",1296,438,0,1232
bot,,"2026-09-01","16",3098,2072,1629,1433
bot,,"2026-09-01","17",7353,4582,3177,4083
bot,,"2026-09-01","18",20622,16802,10392,10046
bot,,"2026-09-01","19",7970,4265,2308,5585
bot,,"2026-09-01","20",8872,4797,2711,6089
bot,,"2026-09-01","21",37098,24380,14557,22002
bot,,"2026-09-01","22",74639,54028,33892,40278
bot,,"2026-09-01","23",56428,43641,27614,28385
bot,,"2026-09-02","00",63923,44797,23273,40012
bot,,"2026-09-02","01",15635,12202,9500,5959
bot,,"2026-09-02","02",551,151,2,489
bot,,"2026-09-02","03",383,103,0,355
bot,,"2026-09-02","04",333,100,0,296
bot,,"2026-09-02","05",122,42,0,112
bot,,"2026-09-02","06",84,38,0,65
bot,,"2026-09-02","07",41,18,0,35
bot,,"2026-09-02","08",57,26,0,34
bot,,"2026-09-02","09",28,14,0,16
bot,,"2026-09-02","10",20,13,0,9
bot,,"2026-09-02","11",368,349,321,26
bot,,"2026-09-02","12",1759,1721,1665,56
bot,,"2026-09-02","13",837,729,630,128
bot,,"2026-09-02","14",1155,821,519,536
bot,,"2026-09-02","15",4986,2095,8,4887
bot,,"2026-09-02","16",8598,5377,3099,5397
bot,,"2026-09-02","17",36807,25154,16642,20005
bot,,"2026-09-02","18",12006,8407,5277,6659
bot,,"2026-09-02","19",11769,5591,872,10770
bot,,"2026-09-02","20",5329,2115,13,5242
bot,,"2026-09-02","21",19186,13465,6788,12247
bot,,"2026-09-02","22",84193,65713,42287,41130
bot,,"2026-09-02","23",32274,26332,16795,15178
bot,,"2026-09-03","00",2565,930,7,2496
bot,,"2026-09-03","01",464,127,1,413
bot,,"2026-09-03","02",328,97,0,294
bot,,"2026-09-03","03",300,94,0,255
bot,,"2026-09-03","04",146,53,0,130
bot,,"2026-09-03","05",85,23,0,76
bot,,"2026-09-03","06",52,28,0,42
bot,,"2026-09-03","07",25,7,0,22
bot,,"2026-09-03","08",25,13,0,16
bot,,"2026-09-03","09",14,9,0,7
bot,,"2026-09-03","10",377,369,356,9
bot,,"2026-09-03","11",69,40,0,32
bot,,"2026-09-03","12",113,66,28,56
bot,,"2026-09-03","13",11911,11833,11753,106
bot,,"2026-09-03","14",1847,1682,1582,225
bot,,"2026-09-03","15",2045,1541,729,1240
bot,,"2026-09-03","16",6406,4462,2999,3315
bot,,"2026-09-03","17",16082,3860,31,15958
bot,,"2026-09-03","18",87942,75619,56031,31353
bot,,"2026-09-03","19",8221,6710,4458,3653
bot,,"2026-09-03","20",8426,4135,1617,6742
bot,,"2026-09-03","21",15260,7718,2841,12339
bot,,"2026-09-03","22",10814,5905,1611,9099
bot,,"2026-09-03","23",14269,6622,1951,12233
bot,,"2026-09-04","00",1275,698,246,986
bot,,"2026-09-04","01",5174,4111,1566,3482
bot,,"2026-09-04","02",357,104,3,318
bot,,"2026-09-04","03",282,81,0,252
bot,,"2026-09-04","04",170,64,0,151
bot,,"2026-09-04","05",146,78,0,88
bot,,"2026-09-04","06",94,47,0,60
bot,,"2026-09-04","07",53,30,0,32
bot,,"2026-09-04","08",16,8,0,13
bot,,"2026-09-04","09",16,11,0,12
bot,,"2026-09-04","10",25,13,0,17
bot,,"2026-09-04","11",389,366,336,31
bot,,"2026-09-04","12",4148,4105,4048,46
bot,,"2026-09-04","13",4591,4506,4395,98
bot,,"2026-09-04","14",393,284,130,152
bot,,"2026-09-04","15",16576,9013,4585,11923
bot,,"2026-09-04","16",19219,13200,7458,11604
bot,,"2026-09-04","17",24484,18657,8379,15905
bot,,"2026-09-04","18",34070,26225,11792,21993
bot,,"2026-09-04","19",3189,2247,1706,1418
bot,,"2026-09-04","20",13273,10727,6708,6456
bot,,"2026-09-04","21",39331,27559,14481,24554
bot,,"2026-09-04","22",29228,19947,10515,18367
bot,,"2026-09-04","23",12964,5487,911,11998
bot,,"2026-09-05","00",12808,10205,6303,6296
bot,,"2026-09-05","01",5199,2002,11,5149
bot,,"2026-09-05","02",398,111,0,366
bot,,"2026-09-05","03",509,115,0,500
bot,,"2026-09-05","04",174,29,0,167
bot,,"2026-09-05","05",125,28,0,114
bot,,"2026-09-05","06",60,26,0,41
bot,,"2026-09-05","07",45,16,0,31
bot,,"2026-09-05","08",18,10,0,11
bot,,"2026-09-05","09",26,17,0,11
bot,,"2026-09-05","10",372,367,346,5
bot,,"2026-09-05","11",45,36,0,13
bot,,"2026-09-05","12",55,20,0,42
bot,,"2026-09-05","13",2900,2797,2699,160
bot,,"2026-09-05","14",725,608,486,183
bot,,"2026-09-05","15",8553,4252,961,7521
bot,,"2026-09-05","16",7619,3945,1569,5989
bot,,"2026-09-05","17",1485,1118,994,448
bot,,"2026-09-05","18",40495,33983,20179,19972
bot,,"2026-09-05","19",7895,5211,2215,5630
bot,,"2026-09-05","20",39125,21941,10549,28405
bot,,"2026-09-05","21",12249,8248,4169,8000
bot,,"2026-09-05","22",20890,12038,4848,15960
bot,,"2026-09-05","23",16987,10734,4841,11900
bot,,"2026-09-06","00",382,95,0,344
bot,,"2026-09-06","01",273,95,1,237
bot,,"2026-09-06","02",261,56,0,232
bot,,"2026-09-06","03",334,75,0,324
bot,,"2026-09-06","04",112,38,0,99
bot,,"2026-09-06","05",82,37,0,61
bot,,"2026-09-06","06",67,36,0,40
bot,,"2026-09-06","07",43,14,0,37
bot,,"2026-09-06","08",84,25,0,64
bot,,"2026-09-06","09",16,5,0,13
bot,,"2026-09-06","10",21,13,0,12
bot,,"2026-09-06","11",34,23,0,11
bot,,"2026-09-06","12",26419,26390,26352,38
bot,,"2026-09-06","13",159,109,0,55
bot,,"2026-09-06","14",162,105,26,68
bot,,"2026-09-06","15",182,88,0,120
bot,,"2026-09-06","16",2241,533,8,2201
bot,,"2026-09-06","17",36860,21323,8316,28450
bot,,"2026-09-06","18",988,228,0,914
bot,,"2026-09-06","19",2911,1984,831,2015
bot,,"2026-09-06","20",4645,2783,1099,3419
bot,,"2026-09-06","21",257,88,0,217
bot,,"2026-09-06","22",245,81,1,222
bot,,"2026-09-06","23",259,117,0,190
bot,,"2026-09-07","00",359,138,1,298
bot,,"2026-09-07","01",295,108,0,267
bot,,"2026-09-07","02",203,87,0,152
bot,,"2026-09-07","03",125,36,0,110
bot,,"2026-09-07","04",113,35,0,103
bot,,"2026-09-07","05",68,25,0,53
bot,,"2026-09-07","06",45,18,0,40
bot,,"2026-09-07","07",53,41,0,21
bot,,"2026-09-07","08",36,29,0,8
bot,,"2026-09-07","09",543,540,523,3
bot,,"2026-09-07","10",36,30,0,9
bot,,"2026-09-07","11",539,529,523,12
bot,,"2026-09-07","12",749,736,668,16
bot,,"2026-09-07","13",8457,8398,8295,77
bot,,"2026-09-07","14",4316,3626,2891,1308
bot,,"2026-09-07","15",3719,1623,8,3596
bot,,"2026-09-07","16",15561,8716,2574,12877
bot,,"2026-09-07","17",12185,8800,5080,6973
bot,,"2026-09-07","18",54987,48342,42401,12211
bot,,"2026-09-07","19",19139,13086,7096,11669
bot,,"2026-09-07","20",5814,2265,6,5710
bot,,"2026-09-07","21",17929,11559,5995,11764
bot,,"2026-09-07","22",20277,15000,9497,10505
bot,,"2026-09-07","23",13538,9906,6064,7314
bot,,"2026-09-08","00",28310,17403,7253,20831
bot,,"2026-09-08","01",492,199,1,404
bot,,"2026-09-08","02",342,120,0,285
bot,,"2026-09-08","03",313,96,0,273
bot,,"2026-09-08","04",121,34,0,109
bot,,"2026-09-08","05",66,22,2,56
bot,,"2026-09-08","06",62,31,0,40
bot,,"2026-09-08","07",40,17,0,29
bot,,"2026-09-08","08",42,29,0,26
bot,,"2026-09-08","09",34,21,0,23
bot,,"2026-09-08","10",374,360,350,17
bot,,"2026-09-08","11",43,21,0,26
bot,,"2026-09-08","12",7526,7492,7450,37
bot,,"2026-09-08","13",2564,2486,2421,114
bot,,"2026-09-08","14",824,363,163,616
bot,,"2026-09-08","15",10462,5893,2984,7425
bot,,"2026-09-08","16",7085,4252,2409,4606
bot,,"2026-09-08","17",77448,56846,33662,43299
bot,,"2026-09-08","18",27207,21651,13157,13873
bot,,"2026-09-08","19",11571,9030,7171,4298
bot,,"2026-09-08","20",24802,18320,9874,14740
bot,,"2026-09-08","21",43876,29213,13574,30179
bot,,"2026-09-08","22",25047,18890,9769,15099
bot,,"2026-09-08","23",26034,19155,9822,15991
bot,,"2026-09-09","00",59124,45855,29911,28806
bot,,"2026-09-09","01",936,269,0,868
bot,,"2026-09-09","02",297,95,0,259
bot,,"2026-09-09","03",446,118,0,416
bot,,"2026-09-09","04",190,70,0,173
bot,,"2026-09-09","05",113,37,0,89
bot,,"2026-09-09","06",55,21,0,43
bot,,"2026-09-09","07",24,6,0,21
bot,,"2026-09-09","08",19,8,0,12
bot,,"2026-09-09","09",70,61,0,9
bot,,"2026-09-09","10",388,379,356,11
bot,,"2026-09-09","11",5821,5806,5773,19
bot,,"2026-09-09","12",53,33,0,26
bot,,"2026-09-09","13",2044,1997,1914,82
bot,,"2026-09-09","14",10355,9811,9549,765
bot,,"2026-09-09","15",4293,3347,1830,2405
bot,,"2026-09-09","16",54650,43069,26483,27835
bot,,"2026-09-09","17",6641,2370,21,6593
bot,,"2026-09-09","18",24810,15852,6429,18234
bot,,"2026-09-09","19",66514,58232,42926,23167
bot,,"2026-09-09","20",27822,18089,5170,22479
bot,,"2026-09-09","21",9894,4384,156,9683
bot,,"2026-09-09","22",14259,6321,105,14100
bot,,"2026-09-09","23",10357,6730,3380,6848
bot,,"2026-09-10","00",417,106,0,375
bot,,"2026-09-10","01",257,86,0,220
bot,,"2026-09-10","02",232,84,0,197
bot,,"2026-09-10","03",277,90,0,259
bot,,"2026-09-10","04",209,41,0,190
bot,,"2026-09-10","05",145,35,0,132
bot,,"2026-09-10","06",61,20,0,50
bot,,"2026-09-10","07",28,10,2,21
bot,,"2026-09-10","08",38,35,0,10
bot,,"2026-09-10","09",18,13,0,6
bot,,"2026-09-10","10",289,275,261,16
bot,,"2026-09-10","11",1686,1678,1646,9
bot,,"2026-09-10","12",78,27,0,61
bot,,"2026-09-10","13",173,81,0,130
bot,,"2026-09-10","14",248,111,0,221
bot,,"2026-09-10","15",2958,2489,1676,1190
bot,,"2026-09-10","16",16845,12045,7648,9047
bot,,"2026-09-10","17",11116,6017,2924,8114
bot,,"2026-09-10","18",8011,4783,3360,4570
bot,,"2026-09-10","19",6671,3723,2004,4589
bot,,"2026-09-10","20",14918,12527,9734,5066
bot,,"2026-09-10","21",1509,576,1,1455
bot,,"2026-09-10","22",14844,10994,6246,8459
bot,,"2026-09-10","23",19297,15015,8515,10324
bot,,"2026-09-11","00",1594,459,2,1522
bot,,"2026-09-11","01",30916,26083,17313,13204
bot,,"2026-09-11","02",249,70,0,217
bot,,"2026-09-11","03",233,70,2,204
bot,,"2026-09-11","04",245,52,0,223
bot,,"2026-09-11","05",85,21,0,75
bot,,"2026-09-11","06",70,26,0,65
bot,,"2026-09-11","07",64,32,1,52
bot,,"2026-09-11","08",24,16,0,13
bot,,"2026-09-11","09",32,29,0,3
bot,,"2026-09-11","10",55,42,19,18
bot,,"2026-09-11","11",5657,5640,5632,20
bot,,"2026-09-11","12",1359,1319,1266,48
bot,,"2026-09-11","13",86,35,0,69
bot,,"2026-09-11","14",3250,1808,1017,2211
bot,,"2026-09-11","15",7845,4611,1723,6070
bot,,"2026-09-11","16",65652,52765,32467,32731
bot,,"2026-09-11","17",37424,28845,18399,18802
bot,,"2026-09-11","18",8204,4107,1152,7007
bot,,"2026-09-11","19",11217,7898,4207,6850
bot,,"2026-09-11","20",20818,17074,11261,9419
bot,,"2026-09-11","21",25605,19708,11485,13960
bot,,"2026-09-11","22",71141,60242,42306,28361
bot,,"2026-09-11","23",21937,16361,8840,12980
bot,,"2026-09-12","00",17768,14431,8844,8759
bot,,"2026-09-12","01",23769,18913,10230,13337
bot,,"2026-09-12","02",225,86,1,174
bot,,"2026-09-12","03",246,73,0,229
bot,,"2026-09-12","04",163,71,0,139
bot,,"2026-09-12","05",80,32,0,64
bot,,"2026-09-12","06",75,25,0,56
bot,,"2026-09-12","07",34,16,0,22
bot,,"2026-09-12","08",24,6,0,22
bot,,"2026-09-12","09",27,20,0,7
bot,,"2026-09-12","10",44,32,15,16
bot,,"2026-09-12","11",299,283,259,17
bot,,"2026-09-12","12",282,247,232,43
bot,,"2026-09-12","13",2147,1389,1030,1096
bot,,"2026-09-12","14",1532,1136,897,598
bot,,"2026-09-12","15",6291,3048,574,5679
bot,,"2026-09-12","16",15622,8604,3691,11853
bot,,"2026-09-12","17",10291,5340,1576,8665
bot,,"2026-09-12","18",12244,8980,5085,7067
bot,,"2026-09-12","19",15581,11214,5603,9896
bot,,"2026-09-12","20",380,97,0,360
bot,,"2026-09-12","21",31415,17473,4618,26689
bot,,"2026-09-12","22",20875,13732,5741,15027
bot,,"2026-09-12","23",545,151,0,500
bot,,"2026-09-13","00",275,84,0,240
bot,,"2026-09-13","01",261,72,0,253
bot,,"2026-09-13","02",198,52,0,185
bot,,"2026-09-13","03",200,82,0,162
bot,,"2026-09-13","04",99,32,0,86
bot,,"2026-09-13","05",64,18,1,56
bot,,"2026-09-13","06",37,11,1,33
bot,,"2026-09-13","07",36,20,0,24
bot,,"2026-09-13","08",24,11,0,21
bot,,"2026-09-13","09",42,32,0,13
bot,,"2026-09-13","10",8,3,0,5
bot,,"2026-09-13","11",39,31,0,16
bot,,"2026-09-13","12",39,17,0,25
bot,,"2026-09-13","13",86,50,0,44
bot,,"2026-09-13","14",905,838,798,79
bot,,"2026-09-13","15",161,80,0,118
bot,,"2026-09-13","16",26932,12549,127,26780
bot,,"2026-09-13","17",1620,560,0,1595
bot,,"2026-09-13","18",311,101,0,269
bot,,"2026-09-13","19",6798,5410,3604,3145
bot,,"2026-09-13","20",280,131,0,212
bot,,"2026-09-13","21",2542,1618,686,1810
bot,,"2026-09-13","22",182,59,0,158
bot,,"2026-09-13","23",245,77,0,212
bot,,"2026-09-14","00",117,34,0,107
bot,,"2026-09-14","01",148,70,0,90
bot,,"2026-09-14","02",131,45,0,106
bot,,"2026-09-14","03",110,55,0,86
bot,,"2026-09-14","04",84,34,0,73
bot,,"2026-09-14","05",38,18,0,30
bot,,"2026-09-14","06",52,25,0,34
bot,,"2026-09-14","07",46,35,0,14
bot,,"2026-09-14","08",24,19,0,9
bot,,"2026-09-14","09",19,8,0,11
bot,,"2026-09-14","10",10,9,0,1
bot,,"2026-09-14","11",20,6,0,15
bot,,"2026-09-14","12",456,444,401,23
bot,,"2026-09-14","13",598,544,471,70
bot,,"2026-09-14","14",1700,656,0,1635
bot,,"2026-09-14","15",4793,2296,5,4741
bot,,"2026-09-14","16",18016,11573,5646,12328
bot,,"2026-09-14","17",36651,21640,9785,26675
bot,,"2026-09-14","18",30124,18270,8063,21990
bot,,"2026-09-14","19",6772,5582,4567,1957
bot,,"2026-09-14","20",18551,8247,998,17508
bot,,"2026-09-14","21",19794,14052,5763,13864
bot,,"2026-09-14","22",43621,29144,12865,30543
bot,,"2026-09-14","23",33819,23847,10689,22924
bot,,"2026-09-15","00",21061,17981,12858,8010
bot,,"2026-09-15","01",343,102,0,321
bot,,"2026-09-15","02",274,65,0,266
bot,,"2026-09-15","03",258,83,0,236
bot,,"2026-09-15","04",222,60,0,208
bot,,"2026-09-15","05",81,32,0,58
bot,,"2026-09-15","06",50,22,0,37
bot,,"2026-09-15","07",38,19,0,24
bot,,"2026-09-15","08",27,9,0,24
bot,,"2026-09-15","09",42,39,0,11
bot,,"2026-09-15","10",30,21,0,11
bot,,"2026-09-15","11",121,104,92,19
bot,,"2026-09-15","12",2915,2881,2828,47
bot,,"2026-09-15","13",4303,4180,4071,197
bot,,"2026-09-15","14",4908,4731,4597,239
bot,,"2026-09-15","15",15717,7975,789,14910
bot,,"2026-09-15","16",11749,9920,6743,4949
bot,,"2026-09-15","17",40521,32717,19596,20720
bot,,"2026-09-15","18",136680,115237,64483,71942
bot,,"2026-09-15","19",49577,40449,24841,24427
bot,,"2026-09-15","20",14887,9818,3147,11645
bot,,"2026-09-15","21",43950,33374,18529,25074
bot,,"2026-09-15","22",112842,42038,10331,102283
bot,,"2026-09-15","23",54511,23139,8045,46319
bot,,"2026-09-16","00",1098,249,0,1063
bot,,"2026-09-16","01",435,111,2,413
bot,,"2026-09-16","02",259,85,0,226
bot,,"2026-09-16","03",203,54,0,191
bot,,"2026-09-16","04",121,23,0,114
bot,,"2026-09-16","05",63,21,0,55
bot,,"2026-09-16","06",33,12,0,31
bot,,"2026-09-16","07",30,17,0,18
bot,,"2026-09-16","08",21,8,0,19
bot,,"2026-09-16","09",23,18,1,6
bot,,"2026-09-16","10",23,17,0,9
bot,,"2026-09-16","11",47,44,16,3
bot,,"2026-09-16","12",177,166,142,15
bot,,"2026-09-16","13",113,69,0,67
bot,,"2026-09-16","14",501,261,0,474
bot,,"2026-09-16","15",49602,20251,5203,44351
bot,,"2026-09-16","16",45659,25347,6682,38867
bot,,"2026-09-16","17",74866,30339,6672,68114
bot,,"2026-09-16","18",5043,3266,2665,2322
bot,,"2026-09-16","19",135473,102951,53994,80832
bot,,"2026-09-16","20",143592,130035,82329,61028
bot,,"2026-09-16","21",141468,128462,80905,60252
bot,,"2026-09-16","22",141295,129301,79292,61815
bot,,"2026-09-16","23",123885,112440,67908,55775
bot,,"2026-09-17","00",1909,776,0,1833
bot,,"2026-09-17","01",242,97,0,198
bot,,"2026-09-17","02",173,59,0,134
bot,,"2026-09-17","03",176,79,0,140
bot,,"2026-09-17","04",103,42,0,77
bot,,"2026-09-17","05",73,39,0,56
bot,,"2026-09-17","06",70,45,0,35
bot,,"2026-09-17","07",27,8,0,21
bot,,"2026-09-17","08",29,11,0,20
bot,,"2026-09-17","09",21,13,0,9
bot,,"2026-09-17","10",43,37,0,6
bot,,"2026-09-17","11",63,55,36,11
bot,,"2026-09-17","12",3468,3441,3393,32
bot,,"2026-09-17","13",1524,1456,1403,80
bot,,"2026-09-17","14",845,265,0,764
bot,,"2026-09-17","15",2797,2448,2315,443
bot,,"2026-09-17","16",36482,19094,139,36281
bot,,"2026-09-17","17",30780,27074,18465,12050
bot,,"2026-09-17","18",33107,19160,6258,26691
bot,,"2026-09-17","19",6152,5016,4270,1825
bot,,"2026-09-17","20",34283,26722,12839,21110
bot,,"2026-09-17","21",53330,26961,128,53153
bot,,"2026-09-17","22",40535,29663,16192,24110
bot,,"2026-09-17","23",945,224,0,917
bot,,"2026-09-18","00",24132,18342,11351,12580
bot,,"2026-09-18","01",10764,9403,6476,4142
bot,,"2026-09-18","02",394,130,0,353
bot,,"2026-09-18","03",341,121,0,321
bot,,"2026-09-18","04",234,63,0,215
bot,,"2026-09-18","05",93,22,0,88
bot,,"2026-09-18","06",67,25,0,52
bot,,"2026-09-18","07",37,13,0,32
bot,,"2026-09-18","08",34,18,1,25
bot,,"2026-09-18","09",13,6,0,9
bot,,"2026-09-18","10",38,25,0,16
bot,,"2026-09-18","11",71,34,7,40
bot,,"2026-09-18","12",603,561,514,54
bot,,"2026-09-18","13",1355,1271,1220,93
bot,,"2026-09-18","14",1062,541,289,718
bot,,"2026-09-18","15",4244,1937,924,3285
bot,,"2026-09-18","16",55847,45410,26352,29004
bot,,"2026-09-18","17",30589,23087,10678,19791
bot,,"2026-09-18","18",13108,11443,6970,5943
bot,,"2026-09-18","19",20685,11462,993,19594
bot,,"2026-09-18","20",16814,9887,3305,13482
bot,,"2026-09-18","21",29160,23934,11314,17577
bot,,"2026-09-18","22",70017,48889,17547,52086
bot,,"2026-09-18","23",42387,28295,11136,31050
bot,,"2026-09-19","00",33320,23550,13569,19556
bot,,"2026-09-19","01",14291,11146,4857,9223
bot,,"2026-09-19","02",2163,1496,373,1698
bot,,"2026-09-19","03",490,154,0,465
bot,,"2026-09-19","04",217,66,0,203
bot,,"2026-09-19","05",110,38,0,96
bot,,"2026-09-19","06",88,36,0,61
bot,,"2026-09-19","07",34,18,0,23
bot,,"2026-09-19","08",34,18,0,23
bot,,"2026-09-19","09",10,3,0,8
bot,,"2026-09-19","10",122,109,91,20
bot,,"2026-09-19","11",2139,2121,2062,22
bot,,"2026-09-19","12",2797,2767,2738,44
bot,,"2026-09-19","13",782,729,630,76
bot,,"2026-09-19","14",3520,2491,1838,1638
bot,,"2026-09-19","15",2516,2232,1878,595
bot,,"2026-09-19","16",41687,29131,10003,31565
bot,,"2026-09-19","17",41046,35221,20332,20488
bot,,"2026-09-19","18",19708,9910,2297,17277
bot,,"2026-09-19","19",43119,32426,13934,29017
bot,,"2026-09-19","20",19058,14390,7445,11479
bot,,"2026-09-19","21",18938,13709,7427,11405
bot,,"2026-09-19","22",79727,61476,29941,49093
bot,,"2026-09-19","23",18340,13713,7403,10771
bot,,"2026-09-20","00",386,137,0,330
bot,,"2026-09-20","01",384,129,0,339
bot,,"2026-09-20","02",311,107,0,255
bot,,"2026-09-20","03",253,78,0,232
bot,,"2026-09-20","04",120,48,0,94
bot,,"2026-09-20","05",71,31,0,55
bot,,"2026-09-20","06",40,13,0,36
bot,,"2026-09-20","07",26,12,0,25
bot,,"2026-09-20","08",10,5,0,6
bot,,"2026-09-20","09",23,19,0,5
bot,,"2026-09-20","10",16,14,0,5
bot,,"2026-09-20","11",40,36,0,8
bot,,"2026-09-20","12",4070,4046,4025,25
bot,,"2026-09-20","13",78,53,0,38
bot,,"2026-09-20","14",142,81,0,90
bot,,"2026-09-20","15",186,94,2,124
bot,,"2026-09-20","16",9067,4762,16,8992
bot,,"2026-09-20","17",219044,168023,76087,138502
bot,,"2026-09-20","18",8125,3346,9,8032
bot,,"2026-09-20","19",77219,61271,22701,51808
bot,,"2026-09-20","20",10405,5371,21,10335
bot,,"2026-09-20","21",11180,5485,20,11118
bot,,"2026-09-20","22",504,199,0,453
bot,,"2026-09-20","23",505,160,0,479
bot,,"2026-09-21","00",372,125,0,343
bot,,"2026-09-21","01",277,114,0,220
bot,,"2026-09-21","02",141,39,0,131
bot,,"2026-09-21","03",140,51,0,119
bot,,"2026-09-21","04",109,30,0,96
bot,,"2026-09-21","05",78,42,0,57
bot,,"2026-09-21","06",38,22,0,23
bot,,"2026-09-21","07",27,12,0,20
bot,,"2026-09-21","08",23,13,0,19
bot,,"2026-09-21","09",12,4,2,8
bot,,"2026-09-21","10",13,7,0,7
bot,,"2026-09-21","11",29,24,0,8
bot,,"2026-09-21","12",2292,2260,2221,38
bot,,"2026-09-21","13",2837,2770,2718,80
bot,,"2026-09-21","14",17586,10995,48,17483
bot,,"2026-09-21","15",582,235,46,447
bot,,"2026-09-21","16",12975,7854,5125,7824
bot,,"2026-09-21","17",31663,24860,12219,18405
bot,,"2026-09-21","18",28496,22428,9134,17772
bot,,"2026-09-21","19",2174,1065,226,1864
bot,,"2026-09-21","20",7991,4383,1132,6800
bot,,"2026-09-21","21",65376,46153,12192,52136
bot,,"2026-09-21","22",17768,14153,7451,9722
bot,,"2026-09-21","23",50125,38671,15309,33450
bot,,"2026-09-22","00",7246,4053,858,6218
bot,,"2026-09-22","01",764,280,2,688
bot,,"2026-09-22","02",370,168,0,305
bot,,"2026-09-22","03",463,182,0,443
bot,,"2026-09-22","04",267,105,0,234
bot,,"2026-09-22","05",102,45,0,85
bot,,"2026-09-22","06",65,25,0,64
bot,,"2026-09-22","07",38,24,0,22
bot,,"2026-09-22","08",23,17,0,11
bot,,"2026-09-22","09",15,8,0,9
bot,,"2026-09-22","10",22,15,0,10
bot,,"2026-09-22","11",341,331,316,14
bot,,"2026-09-22","12",2267,2220,2184,60
bot,,"2026-09-22","13",6542,6475,6405,90
bot,,"2026-09-22","14",1796,892,149,1592
bot,,"2026-09-22","15",460,220,11,364
bot,,"2026-09-22","16",15524,9785,1357,13910
bot,,"2026-09-22","17",33719,25112,7019,25603
bot,,"2026-09-22","18",60435,55054,30515,26408
bot,,"2026-09-22","19",8893,6552,2372,6248
bot,,"2026-09-22","20",9028,5277,17,8958
bot,,"2026-09-22","21",23694,17869,5852,17079
bot,,"2026-09-22","22",19414,16499,6547,12020
bot,,"2026-09-22","23",19574,17720,7175,11145
bot,,"2026-09-23","00",13867,12995,5843,7070
bot,,"2026-09-23","01",3907,2751,11,3834
bot,,"2026-09-23","02",407,158,0,370
bot,,"2026-09-23","03",341,140,0,331
bot,,"2026-09-23","04",138,65,2,123
bot,,"2026-09-23","05",95,45,0,81
bot,,"2026-09-23","06",63,26,0,54
bot,,"2026-09-23","07",59,32,0,47
bot,,"2026-09-23","08",34,11,0,26
bot,,"2026-09-23","09",51,37,0,16
bot,,"2026-09-23","10",40,29,0,24
bot,,"2026-09-23","11",37,31,0,10
bot,,"2026-09-23","12",72,55,0,35
bot,,"2026-09-23","13",221,118,0,147
bot,,"2026-09-23","14",221,91,0,163
agent,,"2026-07-01","00",56,9,0,47
agent,,"2026-07-01","01",3,3,0,0
agent,,"2026-07-01","13",69,58,0,12
agent,,"2026-07-01","14",121,52,0,76
agent,,"2026-07-01","15",115,36,0,95
agent,,"2026-07-01","16",104,30,0,77
agent,,"2026-07-01","17",196,67,0,158
agent,,"2026-07-01","18",140,35,0,121
agent,,"2026-07-01","19",187,70,0,149
agent,,"2026-07-01","20",137,55,0,112
agent,,"2026-07-01","21",96,52,0,72
agent,,"2026-07-01","22",114,65,0,93
agent,,"2026-07-01","23",101,29,0,86
agent,,"2026-07-02","00",33,26,0,8
agent,,"2026-07-02","01",7,7,0,0
agent,,"2026-07-02","02",3,1,0,3
agent,,"2026-07-02","03",1,0,0,1
agent,,"2026-07-02","13",50,23,0,27
agent,,"2026-07-02","14",146,64,0,108
agent,,"2026-07-02","15",168,68,0,130
agent,,"2026-07-02","16",301,112,0,268
agent,,"2026-07-02","17",334,150,0,268
agent,,"2026-07-02","18",267,99,0,197
agent,,"2026-07-02","19",251,56,0,226
agent,,"2026-07-02","20",212,76,0,166
agent,,"2026-07-02","21",224,63,0,179
agent,,"2026-07-02","22",146,18,0,131
agent,,"2026-07-02","23",118,46,0,102
agent,,"2026-07-03","00",101,42,0,85
agent,,"2026-07-03","01",1,0,0,1
agent,,"2026-07-03","13",79,54,0,40
agent,,"2026-07-03","14",156,79,0,113
agent,,"2026-07-03","15",349,78,0,335
agent,,"2026-07-03","16",262,92,0,211
agent,,"2026-07-03","17",225,41,0,215
agent,,"2026-07-03","18",146,69,0,108
agent,,"2026-07-03","19",135,56,0,126
agent,,"2026-07-03","20",87,32,0,83
agent,,"2026-07-03","21",175,39,0,157
agent,,"2026-07-03","22",86,28,0,78
agent,,"2026-07-03","23",158,45,0,132
agent,,"2026-07-04","00",89,8,0,89
agent,,"2026-07-04","01",1,0,0,1
agent,,"2026-07-04","13",46,29,0,23
agent,,"2026-07-04","14",92,54,0,46
agent,,"2026-07-04","15",101,68,0,50
agent,,"2026-07-04","16",169,87,0,104
agent,,"2026-07-04","17",150,56,0,110
agent,,"2026-07-04","18",112,47,0,93
agent,,"2026-07-04","19",93,59,0,39
agent,,"2026-07-04","20",65,21,0,44
agent,,"2026-07-04","21",19,4,0,15
agent,,"2026-07-04","22",53,53,0,16
agent,,"2026-07-04","23",19,13,0,7
agent,,"2026-07-05","00",37,29,0,26
agent,,"2026-07-05","02",2,0,0,2
agent,,"2026-07-05","14",20,20,0,0
agent,,"2026-07-05","15",22,22,0,0
agent,,"2026-07-05","19",18,18,0,0
agent,,"2026-07-05","23",17,17,0,0
agent,,"2026-07-06","13",59,53,0,6
agent,,"2026-07-06","14",59,29,0,34
agent,,"2026-07-06","15",107,71,0,64
agent,,"2026-07-06","16",185,49,0,162
agent,,"2026-07-06","17",265,81,0,232
agent,,"2026-07-06","18",216,115,0,128
agent,,"2026-07-06","19",307,80,0,294
agent,,"2026-07-06","20",254,73,0,228
agent,,"2026-07-06","21",182,90,0,158
agent,,"2026-07-06","22",194,66,0,176
agent,,"2026-07-06","23",144,59,0,126
agent,,"2026-07-07","00",158,73,0,112
agent,,"2026-07-07","03",6,1,0,6
agent,,"2026-07-07","13",59,49,0,10
agent,,"2026-07-07","14",115,71,0,46
agent,,"2026-07-07","15",124,48,0,103
agent,,"2026-07-07","16",211,107,0,151
agent,,"2026-07-07","17",387,112,0,347
agent,,"2026-07-07","18",394,158,0,317
agent,,"2026-07-07","19",140,39,0,118
agent,,"2026-07-07","20",90,46,0,59
agent,,"2026-07-07","21",128,52,0,97
agent,,"2026-07-07","22",101,44,0,81
agent,,"2026-07-07","23",135,46,0,96
agent,,"2026-07-08","00",81,33,0,60
agent,,"2026-07-08","01",1,1,0,0
agent,,"2026-07-08","05",7,2,0,7
agent,,"2026-07-08","07",1,0,0,1
agent,,"2026-07-08","08",2,0,0,2
agent,,"2026-07-08","11",3,2,0,3
agent,,"2026-07-08","13",34,29,0,8
agent,,"2026-07-08","14",36,23,0,26
agent,,"2026-07-08","15",121,25,0,112
agent,,"2026-07-08","16",306,84,0,279
agent,,"2026-07-08","17",281,59,0,267
agent,,"2026-07-08","18",196,70,0,147
agent,,"2026-07-08","19",139,39,0,127
agent,,"2026-07-08","20",118,32,0,96
agent,,"2026-07-08","21",213,45,0,174
agent,,"2026-07-08","22",130,31,0,109
agent,,"2026-07-08","23",93,21,0,84
agent,,"2026-07-09","00",57,18,0,41
agent,,"2026-07-09","01",4,4,0,0
agent,,"2026-07-09","13",21,11,0,11
agent,,"2026-07-09","14",60,27,0,42
agent,,"2026-07-09","15",191,91,0,138
agent,,"2026-07-09","16",152,69,0,148
agent,,"2026-07-09","17",329,118,0,282
agent,,"2026-07-09","18",186,72,0,168
agent,,"2026-07-09","19",203,64,0,167
agent,,"2026-07-09","20",236,80,0,186
agent,,"2026-07-09","21",302,100,0,276
agent,,"2026-07-09","22",149,29,0,149
agent,,"2026-07-09","23",134,23,0,134
agent,,"2026-07-10","00",36,2,0,36
agent,,"2026-07-10","01",5,1,0,5
agent,,"2026-07-10","02",9,0,0,9
agent,,"2026-07-10","03",2,0,0,2
agent,,"2026-07-10","13",75,65,0,10
agent,,"2026-07-10","14",84,44,0,64
agent,,"2026-07-10","15",178,77,0,126
agent,,"2026-07-10","16",142,49,0,103
agent,,"2026-07-10","17",113,16,0,112
agent,,"2026-07-10","18",247,49,0,225
agent,,"2026-07-10","19",314,54,0,301
agent,,"2026-07-10","20",337,79,0,309
agent,,"2026-07-10","21",244,74,0,204
agent,,"2026-07-10","22",120,28,0,120
agent,,"2026-07-10","23",75,11,0,75
agent,,"2026-07-11","00",98,23,0,77
agent,,"2026-07-11","01",6,0,0,6
agent,,"2026-07-11","02",2,0,0,2
agent,,"2026-07-11","13",67,35,0,37
agent,,"2026-07-11","14",98,55,0,91
agent,,"2026-07-11","15",168,79,0,139
agent,,"2026-07-11","16",165,49,0,158
agent,,"2026-07-11","17",148,23,0,132
agent,,"2026-07-11","18",63,25,0,53
agent,,"2026-07-11","19",46,13,0,39
agent,,"2026-07-11","20",67,24,0,48
agent,,"2026-07-11","21",18,15,0,17
agent,,"2026-07-11","22",44,32,0,34
agent,,"2026-07-11","23",4,2,0,2
agent,,"2026-07-12","13",12,12,0,0
agent,,"2026-07-12","15",5,5,0,0
agent,,"2026-07-12","16",3,3,0,0
agent,,"2026-07-12","17",3,3,0,0
agent,,"2026-07-13","13",30,30,0,0
agent,,"2026-07-13","14",21,21,0,0
agent,,"2026-07-13","15",88,55,0,50
agent,,"2026-07-13","16",135,52,0,108
agent,,"2026-07-13","17",117,37,0,82
agent,,"2026-07-13","18",95,54,0,47
agent,,"2026-07-13","19",138,66,0,88
agent,,"2026-07-13","20",78,42,0,53
agent,,"2026-07-13","21",114,53,0,94
agent,,"2026-07-13","22",101,31,0,81
agent,,"2026-07-13","23",100,43,0,77
agent,,"2026-07-14","00",65,37,0,34
agent,,"2026-07-14","01",1,0,0,1
agent,,"2026-07-14","13",42,35,0,7
agent,,"2026-07-14","14",86,45,0,74
agent,,"2026-07-14","15",193,82,0,168
agent,,"2026-07-14","16",410,103,0,371
agent,,"2026-07-14","17",353,77,0,342
agent,,"2026-07-14","18",368,124,0,305
agent,,"2026-07-14","19",286,59,0,272
agent,,"2026-07-14","20",324,112,0,296
agent,,"2026-07-14","21",166,41,0,148
agent,,"2026-07-14","22",210,28,0,207
agent,,"2026-07-14","23",202,58,0,184
agent,,"2026-07-15","00",80,27,0,61
agent,,"2026-07-15","04",1,1,0,1
agent,,"2026-07-15","13",34,3,0,34
agent,,"2026-07-15","14",103,30,0,93
agent,,"2026-07-15","15",230,78,0,205
agent,,"2026-07-15","16",305,91,0,267
agent,,"2026-07-15","17",257,74,0,239
agent,,"2026-07-15","18",194,83,0,135
agent,,"2026-07-15","19",154,45,0,142
agent,,"2026-07-15","20",119,40,0,106
agent,,"2026-07-15","21",144,44,0,130
agent,,"2026-07-15","22",136,12,0,135
agent,,"2026-07-15","23",83,41,0,45
agent,,"2026-07-16","00",47,21,0,27
agent,,"2026-07-16","13",68,38,0,32
agent,,"2026-07-16","14",64,32,0,37
agent,,"2026-07-16","15",194,77,0,154
agent,,"2026-07-16","16",235,61,0,233
agent,,"2026-07-16","17",478,184,0,428
agent,,"2026-07-16","18",265,110,0,239
agent,,"2026-07-16","19",168,37,0,152
agent,,"2026-07-16","20",264,102,0,230
agent,,"2026-07-16","21",211,38,0,208
agent,,"2026-07-16","22",90,28,0,82
agent,,"2026-07-16","23",113,37,0,91
agent,,"2026-07-17","00",89,24,0,65
agent,,"2026-07-17","01",1,0,0,1
agent,,"2026-07-17","13",86,64,0,53
agent,,"2026-07-17","14",148,93,0,99
agent,,"2026-07-17","15",197,69,0,172
agent,,"2026-07-17","16",277,67,0,263
agent,,"2026-07-17","17",238,67,0,224
agent,,"2026-07-17","18",176,27,0,161
agent,,"2026-07-17","19",224,58,0,207
agent,,"2026-07-17","20",263,93,0,255
agent,,"2026-07-17","21",172,41,0,165
agent,,"2026-07-17","22",111,39,0,103
agent,,"2026-07-17","23",48,7,0,48
agent,,"2026-07-18","00",56,10,0,50
agent,,"2026-07-18","01",6,0,0,6
agent,,"2026-07-18","13",67,42,0,46
agent,,"2026-07-18","14",167,102,0,150
agent,,"2026-07-18","15",125,68,0,95
agent,,"2026-07-18","16",170,65,0,158
agent,,"2026-07-18","17",153,72,0,124
agent,,"2026-07-18","18",37,22,0,23
agent,,"2026-07-18","19",58,45,0,36
agent,,"2026-07-18","20",80,65,0,47
agent,,"2026-07-18","21",38,7,0,38
agent,,"2026-07-18","22",39,21,0,20
agent,,"2026-07-18","23",24,6,0,18
agent,,"2026-07-19","00",9,0,0,9
agent,,"2026-07-19","13",7,7,0,0
agent,,"2026-07-19","14",16,16,0,0
agent,,"2026-07-19","15",5,5,0,0
agent,,"2026-07-19","16",8,8,0,0
agent,,"2026-07-19","17",7,7,0,0
agent,,"2026-07-19","18",2,2,0,0
agent,,"2026-07-19","19",17,17,0,0
agent,,"2026-07-19","20",6,6,0,0
agent,,"2026-07-19","22",1,1,0,0
agent,,"2026-07-19","23",7,7,0,0
agent,,"2026-07-20","00",5,5,0,0
agent,,"2026-07-20","13",22,22,0,0
agent,,"2026-07-20","14",43,43,0,0
agent,,"2026-07-20","15",82,63,0,21
agent,,"2026-07-20","16",151,57,0,109
agent,,"2026-07-20","17",214,67,0,186
agent,,"2026-07-20","18",241,78,0,225
agent,,"2026-07-20","19",195,97,0,159
agent,,"2026-07-20","20",148,54,0,125
agent,,"2026-07-20","21",115,55,0,82
agent,,"2026-07-20","22",49,24,0,44
agent,,"2026-07-20","23",88,31,0,86
agent,,"2026-07-21","00",104,41,0,86
agent,,"2026-07-21","01",10,3,0,10
agent,,"2026-07-21","02",4,4,0,4
agent,,"2026-07-21","13",50,46,0,6
agent,,"2026-07-21","14",138,45,0,110
agent,,"2026-07-21","15",97,47,0,72
agent,,"2026-07-21","16",433,69,0,402
agent,,"2026-07-21","17",427,111,0,372
agent,,"2026-07-21","18",248,61,0,222
agent,,"2026-07-21","19",177,74,0,151
agent,,"2026-07-21","20",149,62,0,124
agent,,"2026-07-21","21",151,52,0,129
agent,,"2026-07-21","22",114,31,0,103
agent,,"2026-07-21","23",115,23,0,97
agent,,"2026-07-22","00",60,13,0,49
agent,,"2026-07-22","01",1,0,0,1
agent,,"2026-07-22","13",41,37,0,4
agent,,"2026-07-22","14",112,57,0,75
agent,,"2026-07-22","15",108,46,0,95
agent,,"2026-07-22","16",230,64,0,215
agent,,"2026-07-22","17",425,103,0,396
agent,,"2026-07-22","18",259,99,0,239
agent,,"2026-07-22","19",197,56,0,181
agent,,"2026-07-22","20",187,99,0,140
agent,,"2026-07-22","21",136,52,0,127
agent,,"2026-07-22","22",144,87,0,110
agent,,"2026-07-22","23",75,39,0,54
agent,,"2026-07-23","00",96,23,0,81
agent,,"2026-07-23","01",1,0,0,1
agent,,"2026-07-23","12",1,1,0,0
agent,,"2026-07-23","13",71,55,0,23
agent,,"2026-07-23","14",193,23,0,191
agent,,"2026-07-23","15",244,74,0,212
agent,,"2026-07-23","16",256,92,0,207
agent,,"2026-07-23","17",169,59,0,154
agent,,"2026-07-23","18",124,54,0,105
agent,,"2026-07-23","19",173,50,0,150
agent,,"2026-07-23","20",171,58,0,160
agent,,"2026-07-23","21",235,54,0,206
agent,,"2026-07-23","22",67,21,0,59
agent,,"2026-07-23","23",87,22,0,73
agent,,"2026-07-24","00",24,17,0,19
agent,,"2026-07-24","01",6,6,0,6
agent,,"2026-07-24","04",4,4,0,4
agent,,"2026-07-24","13",24,15,0,9
agent,,"2026-07-24","14",61,24,0,45
agent,,"2026-07-24","15",98,53,0,58
agent,,"2026-07-24","16",96,31,0,89
agent,,"2026-07-24","17",198,73,0,165
agent,,"2026-07-24","18",142,77,0,102
agent,,"2026-07-24","19",153,71,0,119
agent,,"2026-07-24","20",155,85,0,113
agent,,"2026-07-24","21",103,44,0,84
agent,,"2026-07-24","22",67,4,0,63
agent,,"2026-07-24","23",49,18,0,37
agent,,"2026-07-25","00",30,18,0,20
agent,,"2026-07-25","01",4,0,0,4
agent,,"2026-07-25","13",145,41,0,130
agent,,"2026-07-25","14",127,36,0,115
agent,,"2026-07-25","15",133,55,0,90
agent,,"2026-07-25","16",114,19,0,106
agent,,"2026-07-25","17",97,39,0,97
agent,,"2026-07-25","18",73,53,0,32
agent,,"2026-07-25","19",51,22,0,39
agent,,"2026-07-25","20",39,23,0,19
agent,,"2026-07-25","21",14,6,0,14
agent,,"2026-07-25","22",24,10,0,14
agent,,"2026-07-25","23",56,38,0,33
agent,,"2026-07-26","00",26,19,0,10
agent,,"2026-07-26","01",7,7,0,0
agent,,"2026-07-26","13",4,4,0,0
agent,,"2026-07-26","14",31,31,0,0
agent,,"2026-07-26","15",39,39,0,0
agent,,"2026-07-26","16",19,19,0,0
agent,,"2026-07-26","18",7,7,0,0
agent,,"2026-07-26","19",9,9,0,0
agent,,"2026-07-26","20",13,13,0,0
agent,,"2026-07-26","21",7,7,0,0
agent,,"2026-07-26","22",18,18,0,0
agent,,"2026-07-26","23",16,16,0,0
agent,,"2026-07-27","00",11,11,0,0
agent,,"2026-07-27","13",84,48,0,51
agent,,"2026-07-27","14",120,52,0,76
agent,,"2026-07-27","15",208,101,0,165
agent,,"2026-07-27","16",391,119,0,346
agent,,"2026-07-27","17",477,173,0,422
agent,,"2026-07-27","18",232,97,0,194
agent,,"2026-07-27","19",136,51,0,117
agent,,"2026-07-27","20",228,71,0,213
agent,,"2026-07-27","21",217,48,0,199
agent,,"2026-07-27","22",253,73,0,241
agent,,"2026-07-27","23",86,26,0,75
agent,,"2026-07-28","00",100,32,0,69
agent,,"2026-07-28","01",1,0,0,1
agent,,"2026-07-28","13",42,40,0,2
agent,,"2026-07-28","14",108,53,0,70
agent,,"2026-07-28","15",113,60,0,66
agent,,"2026-07-28","16",248,85,0,211
agent,,"2026-07-28","17",294,71,0,271
agent,,"2026-07-28","18",141,37,0,114
agent,,"2026-07-28","19",114,55,0,104
agent,,"2026-07-28","20",220,55,0,196
agent,,"2026-07-28","21",287,77,0,253
agent,,"2026-07-28","22",383,67,0,369
agent,,"2026-07-28","23",147,31,0,138
agent,,"2026-07-29","00",64,10,0,60
agent,,"2026-07-29","13",65,56,0,9
agent,,"2026-07-29","14",80,42,0,65
agent,,"2026-07-29","15",115,37,0,94
agent,,"2026-07-29","16",107,60,0,86
agent,,"2026-07-29","17",125,60,0,96
agent,,"2026-07-29","18",239,89,0,208
agent,,"2026-07-29","19",117,35,0,102
agent,,"2026-07-29","20",214,71,0,158
agent,,"2026-07-29","21",204,74,0,164
agent,,"2026-07-29","22",117,21,0,109
agent,,"2026-07-29","23",110,27,0,96
agent,,"2026-07-30","00",79,30,0,57
agent,,"2026-07-30","01",3,0,0,3
agent,,"2026-07-30","02",3,0,0,3
agent,,"2026-07-30","13",20,8,0,14
agent,,"2026-07-30","14",92,51,0,71
agent,,"2026-07-30","15",79,45,0,45
agent,,"2026-07-30","16",293,118,0,274
agent,,"2026-07-30","17",401,120,0,386
agent,,"2026-07-30","18",253,40,0,246
agent,,"2026-07-30","19",207,66,0,165
agent,,"2026-07-30","20",260,114,0,246
agent,,"2026-07-30","21",188,73,0,168
agent,,"2026-07-30","22",139,54,0,133
agent,,"2026-07-30","23",137,65,0,103
agent,,"2026-07-31","00",108,53,0,90
agent,,"2026-07-31","01",10,1,0,10
agent,,"2026-07-31","02",3,0,0,3
agent,,"2026-07-31","13",83,68,0,22
agent,,"2026-07-31","14",56,39,0,26
agent,,"2026-07-31","15",117,53,0,99
agent,,"2026-07-31","16",187,67,0,181
agent,,"2026-07-31","17",233,54,0,227
agent,,"2026-07-31","18",148,60,0,109
agent,,"2026-07-31","19",178,104,0,150
agent,,"2026-07-31","20",183,47,0,160
agent,,"2026-07-31","21",127,31,0,119
agent,,"2026-07-31","22",83,31,0,66
agent,,"2026-07-31","23",122,65,0,84
agent,,"2026-08-01","00",68,32,0,48
agent,,"2026-08-01","01",4,0,0,4
agent,,"2026-08-01","13",43,36,0,22
agent,,"2026-08-01","14",88,73,0,43
agent,,"2026-08-01","15",139,66,0,139
agent,,"2026-08-01","16",190,82,0,170
agent,,"2026-08-01","17",107,71,0,67
agent,,"2026-08-01","18",101,40,0,81
agent,,"2026-08-01","19",94,44,0,62
agent,,"2026-08-01","20",66,47,0,22
agent,,"2026-08-01","21",8,8,0,0
agent,,"2026-08-01","22",18,18,0,11
agent,,"2026-08-01","23",9,9,0,2
agent,,"2026-08-02","00",5,5,0,0
agent,,"2026-08-02","14",1,1,0,0
agent,,"2026-08-02","15",12,12,0,0
agent,,"2026-08-02","16",4,4,0,0
agent,,"2026-08-02","17",19,17,0,2
agent,,"2026-08-02","18",10,10,0,0
agent,,"2026-08-02","19",13,3,0,13
agent,,"2026-08-02","20",47,47,0,1
agent,,"2026-08-02","21",7,7,0,0
agent,,"2026-08-02","22",7,7,0,0
agent,,"2026-08-02","23",6,6,0,0
agent,,"2026-08-03","00",27,27,0,0
agent,,"2026-08-03","13",63,23,0,49
agent,,"2026-08-03","14",149,46,0,129
agent,,"2026-08-03","15",187,79,0,149
agent,,"2026-08-03","16",275,109,0,232
agent,,"2026-08-03","17",240,128,0,215
agent,,"2026-08-03","18",200,78,0,162
agent,,"2026-08-03","19",200,53,0,199
agent,,"2026-08-03","20",437,158,0,390
agent,,"2026-08-03","21",376,127,0,355
agent,,"2026-08-03","22",241,85,0,226
agent,,"2026-08-03","23",219,98,0,191
agent,,"2026-08-04","00",101,67,0,79
agent,,"2026-08-04","01",12,4,0,12
agent,,"2026-08-04","13",75,32,0,52
agent,,"2026-08-04","14",166,58,0,141
agent,,"2026-08-04","15",188,86,0,149
agent,,"2026-08-04","16",193,87,0,148
agent,,"2026-08-04","17",197,73,0,165
agent,,"2026-08-04","18",164,45,0,148
agent,,"2026-08-04","19",299,109,0,268
agent,,"2026-08-04","20",337,122,0,286
agent,,"2026-08-04","21",238,84,0,225
agent,,"2026-08-04","22",195,39,0,184
agent,,"2026-08-04","23",138,67,0,117
agent,,"2026-08-05","00",109,42,0,104
agent,,"2026-08-05","01",1,0,0,1
agent,,"2026-08-05","05",4,2,0,4
agent,,"2026-08-05","13",70,29,0,49
agent,,"2026-08-05","14",55,8,0,53
agent,,"2026-08-05","15",122,39,0,106
agent,,"2026-08-05","16",219,56,0,200
agent,,"2026-08-05","17",244,64,0,220
agent,,"2026-08-05","18",174,58,0,138
agent,,"2026-08-05","19",353,74,0,341
agent,,"2026-08-05","20",311,99,0,289
agent,,"2026-08-05","21",86,28,0,80
agent,,"2026-08-05","22",120,57,0,109
agent,,"2026-08-05","23",135,53,0,128
agent,,"2026-08-06","00",45,9,0,40
agent,,"2026-08-06","01",4,0,0,4
agent,,"2026-08-06","02",2,2,0,2
agent,,"2026-08-06","13",23,4,0,21
agent,,"2026-08-06","14",94,25,0,91
agent,,"2026-08-06","15",230,92,0,196
agent,,"2026-08-06","16",235,117,0,186
agent,,"2026-08-06","17",181,48,0,158
agent,,"2026-08-06","18",213,109,0,122
agent,,"2026-08-06","19",158,39,0,145
agent,,"2026-08-06","20",304,94,0,273
agent,,"2026-08-06","21",262,105,0,231
agent,,"2026-08-06","22",159,40,0,138
agent,,"2026-08-06","23",54,21,0,38
agent,,"2026-08-07","00",94,25,0,74
agent,,"2026-08-07","01",27,2,0,25
agent,,"2026-08-07","02",14,3,0,14
agent,,"2026-08-07","13",14,14,0,0
agent,,"2026-08-07","14",17,17,0,0
agent,,"2026-08-07","15",69,51,0,20
agent,,"2026-08-07","16",89,39,0,59
agent,,"2026-08-07","17",137,59,0,93
agent,,"2026-08-07","18",143,97,0,73
agent,,"2026-08-07","19",45,11,0,34
agent,,"2026-08-07","20",81,8,0,77
agent,,"2026-08-07","21",136,46,0,104
agent,,"2026-08-07","22",86,28,0,60
agent,,"2026-08-07","23",76,16,0,60
agent,,"2026-08-08","00",29,0,0,29
agent,,"2026-08-08","01",12,0,0,12
agent,,"2026-08-08","02",4,2,0,4
agent,,"2026-08-08","12",2,0,0,2
agent,,"2026-08-08","13",96,38,0,67
agent,,"2026-08-08","14",147,67,0,110
agent,,"2026-08-08","15",172,43,0,166
agent,,"2026-08-08","16",132,52,0,100
agent,,"2026-08-08","17",148,74,0,97
agent,,"2026-08-08","18",59,35,0,42
agent,,"2026-08-08","19",93,43,0,59
agent,,"2026-08-08","20",62,49,0,35
agent,,"2026-08-08","21",21,3,0,21
agent,,"2026-08-08","22",11,0,0,11
agent,,"2026-08-08","23",70,32,0,54
agent,,"2026-08-09","00",40,26,0,14
agent,,"2026-08-09","01",11,10,0,1
agent,,"2026-08-09","14",1,1,0,0
agent,,"2026-08-09","15",3,3,0,0
agent,,"2026-08-09","16",12,12,0,0
agent,,"2026-08-09","17",18,18,0,0
agent,,"2026-08-09","18",12,12,0,0
agent,,"2026-08-09","19",19,19,0,0
agent,,"2026-08-09","20",6,6,0,0
agent,,"2026-08-09","21",2,2,0,0
agent,,"2026-08-10","13",22,20,0,2
agent,,"2026-08-10","14",43,29,0,21
agent,,"2026-08-10","15",41,30,0,12
agent,,"2026-08-10","16",173,70,0,113
agent,,"2026-08-10","17",178,65,0,143
agent,,"2026-08-10","18",120,44,0,94
agent,,"2026-08-10","19",126,29,0,126
agent,,"2026-08-10","20",153,57,0,135
agent,,"2026-08-10","21",205,62,0,188
agent,,"2026-08-10","22",187,74,0,160
agent,,"2026-08-10","23",108,46,0,90
agent,,"2026-08-11","00",108,54,0,75
agent,,"2026-08-11","01",19,6,0,19
agent,,"2026-08-11","02",13,11,0,13
agent,,"2026-08-11","13",48,40,0,8
agent,,"2026-08-11","14",36,17,0,20
agent,,"2026-08-11","15",113,48,0,95
agent,,"2026-08-11","16",167,60,0,112
agent,,"2026-08-11","17",128,47,0,93
agent,,"2026-08-11","18",125,58,0,83
agent,,"2026-08-11","19",170,76,0,152
agent,,"2026-08-11","20",191,71,0,142
agent,,"2026-08-11","21",125,42,0,103
agent,,"2026-08-11","22",143,52,0,118
agent,,"2026-08-11","23",78,24,0,71
agent,,"2026-08-12","00",42,24,0,38
agent,,"2026-08-12","01",15,13,0,3
agent,,"2026-08-12","13",50,42,0,18
agent,,"2026-08-12","14",31,8,0,31
agent,,"2026-08-12","15",158,51,0,158
agent,,"2026-08-12","16",136,33,0,130
agent,,"2026-08-12","17",129,52,0,111
agent,,"2026-08-12","18",89,40,0,74
agent,,"2026-08-12","19",104,42,0,87
agent,,"2026-08-12","20",266,52,0,254
agent,,"2026-08-12","21",175,52,0,157
agent,,"2026-08-12","22",114,21,0,105
agent,,"2026-08-12","23",98,32,0,85
agent,,"2026-08-13","00",84,18,0,80
agent,,"2026-08-13","01",16,3,0,16
agent,,"2026-08-13","02",17,8,0,17
agent,,"2026-08-13","13",26,19,0,7
agent,,"2026-08-13","14",91,49,0,53
agent,,"2026-08-13","15",104,49,0,69
agent,,"2026-08-13","16",238,109,0,186
agent,,"2026-08-13","17",138,41,0,130
agent,,"2026-08-13","18",135,69,0,104
agent,,"2026-08-13","19",186,56,0,173
agent,,"2026-08-13","20",139,73,0,94
agent,,"2026-08-13","21",159,39,0,154
agent,,"2026-08-13","22",92,30,0,88
agent,,"2026-08-13","23",107,19,0,93
agent,,"2026-08-14","00",80,54,0,67
agent,,"2026-08-14","01",9,1,0,9
agent,,"2026-08-14","02",16,0,0,16
agent,,"2026-08-14","13",47,38,0,17
agent,,"2026-08-14","14",48,12,0,36
agent,,"2026-08-14","15",88,27,0,75
agent,,"2026-08-14","16",66,22,0,58
agent,,"2026-08-14","17",31,21,0,10
agent,,"2026-08-14","18",59,43,0,27
agent,,"2026-08-14","19",118,42,0,101
agent,,"2026-08-14","20",162,70,0,137
agent,,"2026-08-14","21",138,65,0,91
agent,,"2026-08-14","22",34,11,0,32
agent,,"2026-08-14","23",57,14,0,43
agent,,"2026-08-15","00",28,13,0,15
agent,,"2026-08-15","13",54,28,0,34
agent,,"2026-08-15","14",116,38,0,88
agent,,"2026-08-15","15",85,34,0,55
agent,,"2026-08-15","16",94,46,0,86
agent,,"2026-08-15","17",66,49,0,50
agent,,"2026-08-15","18",87,61,0,51
agent,,"2026-08-15","19",42,17,0,34
agent,,"2026-08-15","20",71,34,0,43
agent,,"2026-08-15","21",13,4,0,9
agent,,"2026-08-15","22",33,15,0,18
agent,,"2026-08-15","23",45,27,0,24
agent,,"2026-08-16","00",13,4,0,9
agent,,"2026-08-16","14",9,9,0,0
agent,,"2026-08-16","15",32,32,0,0
agent,,"2026-08-16","16",1,1,0,0
agent,,"2026-08-16","17",23,23,0,0
agent,,"2026-08-16","19",12,12,0,0
agent,,"2026-08-16","20",1,1,0,0
agent,,"2026-08-17","13",29,29,0,0
agent,,"2026-08-17","14",8,8,0,0
agent,,"2026-08-17","15",44,44,0,5
agent,,"2026-08-17","16",43,17,0,26
agent,,"2026-08-17","17",62,31,0,38
agent,,"2026-08-17","18",72,20,0,62
agent,,"2026-08-17","19",56,13,0,56
agent,,"2026-08-17","20",83,42,0,60
agent,,"2026-08-17","21",69,33,0,43
agent,,"2026-08-17","22",104,26,0,83
agent,,"2026-08-17","23",56,20,0,39
agent,,"2026-08-18","00",46,18,0,31
agent,,"2026-08-18","01",11,8,0,3
agent,,"2026-08-18","13",29,14,0,16
agent,,"2026-08-18","14",156,86,0,98
agent,,"2026-08-18","15",396,151,0,355
agent,,"2026-08-18","16",288,94,0,277
agent,,"2026-08-18","17",207,54,0,180
agent,,"2026-08-18","18",173,47,0,165
agent,,"2026-08-18","19",154,32,0,143
agent,,"2026-08-18","20",244,63,0,225
agent,,"2026-08-18","21",212,85,0,179
agent,,"2026-08-18","22",156,68,0,148
agent,,"2026-08-18","23",105,29,0,102
agent,,"2026-08-19","00",66,20,0,46
agent,,"2026-08-19","01",2,0,0,2
agent,,"2026-08-19","02",11,0,0,11
agent,,"2026-08-19","04",5,0,0,5
agent,,"2026-08-19","05",2,0,0,2
agent,,"2026-08-19","13",46,20,0,26
agent,,"2026-08-19","14",105,52,0,68
agent,,"2026-08-19","15",79,21,0,73
agent,,"2026-08-19","16",193,38,0,177
agent,,"2026-08-19","17",366,74,0,357
agent,,"2026-08-19","18",237,41,0,216
agent,,"2026-08-19","19",126,27,0,119
agent,,"2026-08-19","20",266,113,0,217
agent,,"2026-08-19","21",254,73,0,228
agent,,"2026-08-19","22",81,26,0,77
agent,,"2026-08-19","23",82,33,0,49
agent,,"2026-08-20","00",20,8,0,19
agent,,"2026-08-20","01",11,10,0,2
agent,,"2026-08-20","13",30,10,0,25
agent,,"2026-08-20","14",81,48,0,44
agent,,"2026-08-20","15",121,56,0,100
agent,,"2026-08-20","16",161,53,0,132
agent,,"2026-08-20","17",150,47,0,121
agent,,"2026-08-20","18",94,27,0,77
agent,,"2026-08-20","19",146,36,0,145
agent,,"2026-08-20","20",259,98,0,228
agent,,"2026-08-20","21",143,40,0,112
agent,,"2026-08-20","22",136,19,0,128
agent,,"2026-08-20","23",145,50,0,117
agent,,"2026-08-21","00",43,15,0,41
agent,,"2026-08-21","13",56,44,0,28
agent,,"2026-08-21","14",132,44,0,102
agent,,"2026-08-21","15",189,81,0,160
agent,,"2026-08-21","16",300,158,0,244
agent,,"2026-08-21","17",162,75,0,125
agent,,"2026-08-21","18",107,28,0,86
agent,,"2026-08-21","19",124,31,0,111
agent,,"2026-08-21","20",121,17,0,115
agent,,"2026-08-21","21",298,69,0,282
agent,,"2026-08-21","22",263,59,0,254
agent,,"2026-08-21","23",511,160,0,500
agent,,"2026-08-22","00",470,130,0,466
agent,,"2026-08-22","01",229,35,0,229
agent,,"2026-08-22","02",241,56,0,241
agent,,"2026-08-22","03",148,43,0,148
agent,,"2026-08-22","12",1,0,0,1
agent,,"2026-08-22","13",36,19,0,22
agent,,"2026-08-22","14",140,26,0,130
agent,,"2026-08-22","15",162,56,0,129
agent,,"2026-08-22","16",202,40,0,200
agent,,"2026-08-22","17",481,128,0,448
agent,,"2026-08-22","18",500,140,0,464
agent,,"2026-08-22","19",283,70,0,266
agent,,"2026-08-22","20",127,39,0,103
agent,,"2026-08-22","21",183,57,0,183
agent,,"2026-08-22","22",144,52,0,122
agent,,"2026-08-22","23",93,34,0,81
agent,,"2026-08-23","00",119,69,0,69
agent,,"2026-08-23","01",48,3,0,46
agent,,"2026-08-23","02",15,3,0,15
agent,,"2026-08-23","13",26,26,0,0
agent,,"2026-08-23","14",26,26,0,0
agent,,"2026-08-23","15",20,20,0,0
agent,,"2026-08-23","16",19,19,0,0
agent,,"2026-08-23","17",12,12,0,0
agent,,"2026-08-23","19",30,30,0,0
agent,,"2026-08-23","20",12,12,0,0
agent,,"2026-08-24","13",61,29,0,42
agent,,"2026-08-24","14",89,47,0,73
agent,,"2026-08-24","15",163,77,0,119
agent,,"2026-08-24","16",258,120,0,189
agent,,"2026-08-24","17",252,67,0,223
agent,,"2026-08-24","18",647,149,0,601
agent,,"2026-08-24","19",865,171,0,864
agent,,"2026-08-24","20",731,205,0,708
agent,,"2026-08-24","21",568,132,0,541
agent,,"2026-08-24","22",302,52,0,287
agent,,"2026-08-24","23",450,98,0,433
agent,,"2026-08-25","00",551,132,0,551
agent,,"2026-08-25","01",388,52,0,388
agent,,"2026-08-25","02",188,32,0,188
agent,,"2026-08-25","03",33,0,0,33
agent,,"2026-08-25","13",14,11,0,3
agent,,"2026-08-25","14",115,61,0,57
agent,,"2026-08-25","15",250,85,0,203
agent,,"2026-08-25","16",444,130,0,420
agent,,"2026-08-25","17",592,140,0,578
agent,,"2026-08-25","18",567,144,0,538
agent,,"2026-08-25","19",568,165,0,547
agent,,"2026-08-25","20",475,119,0,446
agent,,"2026-08-25","21",337,90,0,310
agent,,"2026-08-25","22",260,60,0,241
agent,,"2026-08-25","23",131,16,0,123
agent,,"2026-08-26","00",323,51,0,323
agent,,"2026-08-26","01",359,70,0,359
agent,,"2026-08-26","02",178,21,0,178
agent,,"2026-08-26","03",44,3,0,44
agent,,"2026-08-26","13",33,10,0,23
agent,,"2026-08-26","14",61,40,0,22
agent,,"2026-08-26","15",95,40,0,67
agent,,"2026-08-26","16",264,70,0,223
agent,,"2026-08-26","17",385,77,0,358
agent,,"2026-08-26","18",187,42,0,169
agent,,"2026-08-26","19",604,138,0,591
agent,,"2026-08-26","20",804,209,0,785
agent,,"2026-08-26","21",394,122,0,381
agent,,"2026-08-26","22",320,80,0,295
agent,,"2026-08-26","23",445,113,0,432
agent,,"2026-08-27","00",423,112,0,417
agent,,"2026-08-27","01",319,52,0,318
agent,,"2026-08-27","02",120,20,0,120
agent,,"2026-08-27","03",28,2,0,28
agent,,"2026-08-27","13",67,51,0,22
agent,,"2026-08-27","14",76,39,0,64
agent,,"2026-08-27","15",181,76,0,136
agent,,"2026-08-27","16",212,74,0,178
agent,,"2026-08-27","17",217,80,0,175
agent,,"2026-08-27","18",494,84,0,481
agent,,"2026-08-27","19",508,104,0,489
agent,,"2026-08-27","20",567,108,0,536
agent,,"2026-08-27","21",512,139,0,487
agent,,"2026-08-27","22",317,86,0,303
agent,,"2026-08-27","23",428,110,0,400
agent,,"2026-08-28","00",491,139,0,488
agent,,"2026-08-28","01",125,50,0,125
agent,,"2026-08-28","02",21,7,0,21
agent,,"2026-08-28","13",75,37,0,38
agent,,"2026-08-28","14",499,153,0,456
agent,,"2026-08-28","15",646,166,0,631
agent,,"2026-08-28","16",598,177,0,549
agent,,"2026-08-28","17",597,136,0,563
agent,,"2026-08-28","18",654,167,0,630
agent,,"2026-08-28","19",823,151,0,808
agent,,"2026-08-28","20",296,48,0,278
agent,,"2026-08-28","21",695,176,0,667
agent,,"2026-08-28","22",474,99,0,466
agent,,"2026-08-28","23",260,47,0,245
agent,,"2026-08-29","00",368,57,0,366
agent,,"2026-08-29","01",200,48,0,198
agent,,"2026-08-29","02",97,14,0,97
agent,,"2026-08-29","03",66,39,0,66
agent,,"2026-08-29","13",83,54,0,47
agent,,"2026-08-29","14",115,59,0,72
agent,,"2026-08-29","15",194,53,0,159
agent,,"2026-08-29","16",620,129,0,593
agent,,"2026-08-29","17",569,121,0,546
agent,,"2026-08-29","18",284,62,0,267
agent,,"2026-08-29","19",317,61,0,311
agent,,"2026-08-29","20",520,164,0,505
agent,,"2026-08-29","21",356,99,0,335
agent,,"2026-08-29","22",233,69,0,211
agent,,"2026-08-29","23",118,19,0,105
agent,,"2026-08-30","00",122,23,0,107
agent,,"2026-08-30","01",83,5,0,83
agent,,"2026-08-30","02",57,2,0,57
agent,,"2026-08-30","14",15,15,0,0
agent,,"2026-08-30","15",28,28,0,0
agent,,"2026-08-30","17",482,106,0,475
agent,,"2026-08-30","18",590,163,0,590
agent,,"2026-08-30","19",650,134,0,645
agent,,"2026-08-30","20",350,73,0,342
agent,,"2026-08-30","21",166,24,0,163
agent,,"2026-08-30","22",101,12,0,101
agent,,"2026-08-30","23",67,19,0,61
agent,,"2026-08-31","00",11,11,0,0
agent,,"2026-08-31","13",26,21,0,18
agent,,"2026-08-31","14",99,55,0,81
agent,,"2026-08-31","15",190,61,0,167
agent,,"2026-08-31","16",318,76,0,276
agent,,"2026-08-31","17",438,67,0,432
agent,,"2026-08-31","18",680,164,0,646
agent,,"2026-08-31","19",908,205,0,908
agent,,"2026-08-31","20",607,129,0,573
agent,,"2026-08-31","21",952,198,0,932
agent,,"2026-08-31","22",1084,212,0,1077
agent,,"2026-08-31","23",774,144,0,752
agent,,"2026-09-01","00",405,91,0,386
agent,,"2026-09-01","01",342,42,0,342
agent,,"2026-09-01","02",204,42,0,204
agent,,"2026-09-01","03",91,27,0,91
agent,,"2026-09-01","13",47,41,0,18
agent,,"2026-09-01","14",113,29,0,93
agent,,"2026-09-01","15",195,67,0,161
agent,,"2026-09-01","16",409,142,0,403
agent,,"2026-09-01","17",864,239,0,806
agent,,"2026-09-01","18",655,137,0,627
agent,,"2026-09-01","19",1144,268,0,1120
agent,,"2026-09-01","20",796,175,0,768
agent,,"2026-09-01","21",548,142,0,523
agent,,"2026-09-01","22",661,156,0,634
agent,,"2026-09-01","23",485,100,0,458
agent,,"2026-09-02","00",505,109,0,482
agent,,"2026-09-02","01",244,55,0,242
agent,,"2026-09-02","02",393,70,0,393
agent,,"2026-09-02","03",258,41,0,258
agent,,"2026-09-02","04",6,0,0,6
agent,,"2026-09-02","13",63,30,0,34
agent,,"2026-09-02","14",150,89,0,84
agent,,"2026-09-02","15",447,131,0,411
agent,,"2026-09-02","16",806,183,0,767
agent,,"2026-09-02","17",1427,304,0,1395
agent,,"2026-09-02","18",1008,203,0,982
agent,,"2026-09-02","19",538,128,0,508
agent,,"2026-09-02","20",796,184,0,776
agent,,"2026-09-02","21",743,175,0,726
agent,,"2026-09-02","22",541,148,0,536
agent,,"2026-09-02","23",612,127,0,596
agent,,"2026-09-03","00",426,68,0,423
agent,,"2026-09-03","01",385,45,0,385
agent,,"2026-09-03","02",222,32,0,222
agent,,"2026-09-03","03",155,24,0,155
agent,,"2026-09-03","13",36,23,0,15
agent,,"2026-09-03","14",51,35,0,30
agent,,"2026-09-03","15",168,69,0,113
agent,,"2026-09-03","16",328,112,0,256
agent,,"2026-09-03","17",1239,225,0,1199
agent,,"2026-09-03","18",759,183,0,710
agent,,"2026-09-03","19",672,129,0,651
agent,,"2026-09-03","20",1209,244,0,1187
agent,,"2026-09-03","21",818,218,0,794
agent,,"2026-09-03","22",601,127,0,601
agent,,"2026-09-03","23",506,65,0,492
agent,,"2026-09-04","00",779,155,0,776
agent,,"2026-09-04","01",356,49,0,356
agent,,"2026-09-04","02",179,23,0,179
agent,,"2026-09-04","03",117,16,0,117
agent,,"2026-09-04","04",6,4,0,6
agent,,"2026-09-04","13",73,67,0,6
agent,,"2026-09-04","14",154,49,0,127
agent,,"2026-09-04","15",880,215,0,866
agent,,"2026-09-04","16",1325,274,0,1283
agent,,"2026-09-04","17",1167,230,0,1137
agent,,"2026-09-04","18",1033,202,0,988
agent,,"2026-09-04","19",600,145,0,600
agent,,"2026-09-04","20",557,132,0,557
agent,,"2026-09-04","21",454,97,0,454
agent,,"2026-09-04","22",552,107,0,552
agent,,"2026-09-04","23",562,96,0,562
agent,,"2026-09-05","00",889,195,0,889
agent,,"2026-09-05","01",307,48,0,307
agent,,"2026-09-05","02",251,53,0,251
agent,,"2026-09-05","03",106,6,0,106
agent,,"2026-09-05","04",2,0,0,2
agent,,"2026-09-05","13",83,52,0,56
agent,,"2026-09-05","14",146,67,0,106
agent,,"2026-09-05","15",251,97,0,221
agent,,"2026-09-05","16",549,115,0,538
agent,,"2026-09-05","17",575,107,0,544
agent,,"2026-09-05","18",297,49,0,268
agent,,"2026-09-05","19",302,41,0,295
agent,,"2026-09-05","20",916,152,0,907
agent,,"2026-09-05","21",451,40,0,451
agent,,"2026-09-05","22",467,96,0,460
agent,,"2026-09-05","23",579,137,0,565
agent,,"2026-09-06","00",407,90,0,394
agent,,"2026-09-06","01",299,83,0,291
agent,,"2026-09-06","02",328,62,0,328
agent,,"2026-09-06","03",55,4,0,55
agent,,"2026-09-06","13",29,29,0,0
agent,,"2026-09-06","14",17,17,0,0
agent,,"2026-09-06","15",22,2,0,22
agent,,"2026-09-06","16",121,20,0,120
agent,,"2026-09-06","17",940,221,0,906
agent,,"2026-09-06","18",1317,352,0,1284
agent,,"2026-09-06","19",567,108,0,559
agent,,"2026-09-06","20",367,92,0,328
agent,,"2026-09-06","21",249,52,0,234
agent,,"2026-09-06","22",226,63,0,215
agent,,"2026-09-06","23",229,43,0,228
agent,,"2026-09-07","00",62,15,0,51
agent,,"2026-09-07","01",3,1,0,3
agent,,"2026-09-07","13",29,24,0,5
agent,,"2026-09-07","14",137,41,0,118
agent,,"2026-09-07","15",492,130,0,416
agent,,"2026-09-07","16",965,283,0,890
agent,,"2026-09-07","17",1231,339,0,1187
agent,,"2026-09-07","18",764,218,0,707
agent,,"2026-09-07","19",576,132,0,576
agent,,"2026-09-07","20",788,198,0,763
agent,,"2026-09-07","21",892,227,0,850
agent,,"2026-09-07","22",736,163,0,713
agent,,"2026-09-07","23",663,146,0,638
agent,,"2026-09-08","00",623,164,0,593
agent,,"2026-09-08","01",566,154,0,566
agent,,"2026-09-08","02",213,59,0,213
agent,,"2026-09-08","03",146,27,0,146
agent,,"2026-09-08","13",28,19,0,9
agent,,"2026-09-08","14",73,47,0,30
agent,,"2026-09-08","15",556,151,0,536
agent,,"2026-09-08","16",298,128,0,228
agent,,"2026-09-08","17",943,244,0,877
agent,,"2026-09-08","18",981,213,0,968
agent,,"2026-09-08","19",638,187,0,604
agent,,"2026-09-08","20",647,221,0,618
agent,,"2026-09-08","21",438,81,0,425
agent,,"2026-09-08","22",719,168,0,697
agent,,"2026-09-08","23",947,240,0,924
agent,,"2026-09-09","00",1023,233,0,998
agent,,"2026-09-09","01",693,140,0,693
agent,,"2026-09-09","02",401,91,0,401
agent,,"2026-09-09","03",224,36,0,224
agent,,"2026-09-09","04",3,0,0,3
agent,,"2026-09-09","13",29,26,0,3
agent,,"2026-09-09","14",92,29,0,72
agent,,"2026-09-09","15",367,68,0,365
agent,,"2026-09-09","16",550,153,0,502
agent,,"2026-09-09","17",1211,238,0,1207
agent,,"2026-09-09","18",828,180,0,800
agent,,"2026-09-09","19",485,98,0,482
agent,,"2026-09-09","20",678,148,0,669
agent,,"2026-09-09","21",379,97,0,369
agent,,"2026-09-09","22",656,134,0,642
agent,,"2026-09-09","23",734,147,0,721
agent,,"2026-09-10","00",595,86,0,595
agent,,"2026-09-10","01",279,34,0,279
agent,,"2026-09-10","02",98,18,0,98
agent,,"2026-09-10","03",121,29,0,121
agent,,"2026-09-10","13",26,10,0,18
agent,,"2026-09-10","14",163,50,0,156
agent,,"2026-09-10","15",423,135,0,384
agent,,"2026-09-10","16",1025,211,0,989
agent,,"2026-09-10","17",1396,371,0,1337
agent,,"2026-09-10","18",1295,259,0,1251
agent,,"2026-09-10","19",1238,236,0,1218
agent,,"2026-09-10","20",1094,255,0,1077
agent,,"2026-09-10","21",688,168,0,682
agent,,"2026-09-10","22",631,107,0,626
agent,,"2026-09-10","23",605,101,0,604
agent,,"2026-09-11","00",619,126,0,608
agent,,"2026-09-11","01",300,36,0,299
agent,,"2026-09-11","02",197,12,0,197
agent,,"2026-09-11","03",178,23,0,178
agent,,"2026-09-11","04",2,0,0,2
agent,,"2026-09-11","12",11,4,0,11
agent,,"2026-09-11","13",77,27,0,69
agent,,"2026-09-11","14",136,45,0,130
agent,,"2026-09-11","15",604,210,0,552
agent,,"2026-09-11","16",1391,305,0,1357
agent,,"2026-09-11","17",1848,424,0,1831
agent,,"2026-09-11","18",1673,424,0,1636
agent,,"2026-09-11","19",1393,324,0,1381
agent,,"2026-09-11","20",1049,274,0,1043
agent,,"2026-09-11","21",714,173,0,709
agent,,"2026-09-11","22",306,59,0,306
agent,,"2026-09-11","23",482,60,0,480
agent,,"2026-09-12","00",471,68,0,465
agent,,"2026-09-12","01",327,54,0,327
agent,,"2026-09-12","02",301,67,0,301
agent,,"2026-09-12","03",207,43,0,207
agent,,"2026-09-12","12",6,0,0,6
agent,,"2026-09-12","13",73,4,0,73
agent,,"2026-09-12","14",134,43,0,106
agent,,"2026-09-12","15",384,107,0,365
agent,,"2026-09-12","16",2105,533,0,2085
agent,,"2026-09-12","17",1645,461,0,1621
agent,,"2026-09-12","18",793,283,0,772
agent,,"2026-09-12","19",699,177,0,668
agent,,"2026-09-12","20",553,155,0,553
agent,,"2026-09-12","21",311,72,0,311
agent,,"2026-09-12","22",550,171,0,522
agent,,"2026-09-12","23",572,141,0,554
agent,,"2026-09-13","00",432,103,0,419
agent,,"2026-09-13","01",340,75,0,340
agent,,"2026-09-13","02",167,27,0,167
agent,,"2026-09-13","03",50,9,0,50
agent,,"2026-09-13","04",5,1,0,5
agent,,"2026-09-13","13",19,19,0,0
agent,,"2026-09-13","14",30,30,0,0
agent,,"2026-09-13","15",15,12,0,3
agent,,"2026-09-13","16",182,40,0,182
agent,,"2026-09-13","17",509,156,0,493
agent,,"2026-09-13","18",412,144,0,361
agent,,"2026-09-13","19",345,108,0,339
agent,,"2026-09-13","20",455,145,0,420
agent,,"2026-09-13","21",349,130,0,334
agent,,"2026-09-13","22",163,55,0,143
agent,,"2026-09-13","23",129,45,0,97
agent,,"2026-09-14","00",4,2,0,2
agent,,"2026-09-14","13",47,41,0,6
agent,,"2026-09-14","14",311,106,0,282
agent,,"2026-09-14","15",683,179,0,673
agent,,"2026-09-14","16",1540,359,0,1479
agent,,"2026-09-14","17",1524,420,0,1491
agent,,"2026-09-14","18",1941,445,0,1924
agent,,"2026-09-14","19",1942,478,0,1934
agent,,"2026-09-14","20",1446,279,0,1427
agent,,"2026-09-14","21",1555,336,0,1507
agent,,"2026-09-14","22",1140,221,0,1134
agent,,"2026-09-14","23",1218,237,0,1203
agent,,"2026-09-15","00",596,148,0,565
agent,,"2026-09-15","01",444,103,0,440
agent,,"2026-09-15","02",337,64,0,337
agent,,"2026-09-15","03",282,102,0,282
agent,,"2026-09-15","04",1,0,0,1
agent,,"2026-09-15","13",44,35,0,22
agent,,"2026-09-15","14",156,93,0,102
agent,,"2026-09-15","15",529,110,0,523
agent,,"2026-09-15","16",1443,378,0,1409
agent,,"2026-09-15","17",908,201,0,887
agent,,"2026-09-15","18",1157,282,0,1111
agent,,"2026-09-15","19",1478,409,0,1450
agent,,"2026-09-15","20",1141,292,0,1133
agent,,"2026-09-15","21",1078,272,0,1041
agent,,"2026-09-15","22",1401,334,0,1386
agent,,"2026-09-15","23",1015,247,0,981
agent,,"2026-09-16","00",811,183,0,807
agent,,"2026-09-16","01",409,59,0,409
agent,,"2026-09-16","02",238,39,0,238
agent,,"2026-09-16","03",108,15,0,108
agent,,"2026-09-16","13",61,26,0,39
agent,,"2026-09-16","14",64,24,0,41
agent,,"2026-09-16","15",109,63,0,78
agent,,"2026-09-16","16",298,85,0,257
agent,,"2026-09-16","17",615,187,0,567
agent,,"2026-09-16","18",605,149,0,566
agent,,"2026-09-16","19",523,120,0,516
agent,,"2026-09-16","20",443,112,0,414
agent,,"2026-09-16","21",439,112,0,408
agent,,"2026-09-16","22",260,46,0,252
agent,,"2026-09-16","23",324,119,0,305
agent,,"2026-09-17","00",243,71,0,240
agent,,"2026-09-17","01",100,19,0,100
agent,,"2026-09-17","02",100,26,0,100
agent,,"2026-09-17","03",17,5,0,17
agent,,"2026-09-17","13",43,30,0,13
agent,,"2026-09-17","14",181,55,0,146
agent,,"2026-09-17","15",355,58,0,339
agent,,"2026-09-17","16",585,106,0,554
agent,,"2026-09-17","17",313,55,0,286
agent,,"2026-09-17","18",1784,453,0,1757
agent,,"2026-09-17","19",1980,436,0,1966
agent,,"2026-09-17","20",1052,214,0,1046
agent,,"2026-09-17","21",994,229,0,974
agent,,"2026-09-17","22",1030,276,0,1022
agent,,"2026-09-17","23",1304,318,0,1300
agent,,"2026-09-18","00",907,213,0,893
agent,,"2026-09-18","01",361,78,0,361
agent,,"2026-09-18","02",407,66,0,407
agent,,"2026-09-18","03",418,73,0,418
agent,,"2026-09-18","13",68,51,0,33
agent,,"2026-09-18","14",314,53,0,292
agent,,"2026-09-18","15",542,129,0,517
agent,,"2026-09-18","16",819,253,0,801
agent,,"2026-09-18","17",1105,241,0,1103
agent,,"2026-09-18","18",1441,267,0,1420
agent,,"2026-09-18","19",1802,358,0,1777
agent,,"2026-09-18","20",1222,281,0,1217
agent,,"2026-09-18","21",676,129,0,640
agent,,"2026-09-18","22",1208,304,0,1206
agent,,"2026-09-18","23",1190,203,0,1190
agent,,"2026-09-19","00",862,148,0,862
agent,,"2026-09-19","01",911,149,0,911
agent,,"2026-09-19","02",709,137,0,709
agent,,"2026-09-19","03",486,161,0,486
agent,,"2026-09-19","04",6,0,0,6
agent,,"2026-09-19","12",3,1,0,3
agent,,"2026-09-19","13",31,26,0,10
agent,,"2026-09-19","14",382,120,0,341
agent,,"2026-09-19","15",472,52,0,457
agent,,"2026-09-19","16",1206,267,0,1202
agent,,"2026-09-19","17",1168,315,0,1157
agent,,"2026-09-19","18",1106,246,0,1077
agent,,"2026-09-19","19",1093,269,0,1049
agent,,"2026-09-19","20",1331,331,0,1288
agent,,"2026-09-19","21",1479,325,0,1479
agent,,"2026-09-19","22",1204,234,0,1198
agent,,"2026-09-19","23",868,219,0,841
agent,,"2026-09-20","00",629,168,0,621
agent,,"2026-09-20","01",522,131,0,522
agent,,"2026-09-20","02",242,62,0,242
agent,,"2026-09-20","03",85,13,0,85
agent,,"2026-09-20","04",1,1,0,1
agent,,"2026-09-20","13",16,16,0,0
agent,,"2026-09-20","14",25,25,0,0
agent,,"2026-09-20","15",59,39,0,31
agent,,"2026-09-20","16",165,64,0,141
agent,,"2026-09-20","17",611,162,0,594
agent,,"2026-09-20","18",539,110,0,538
agent,,"2026-09-20","19",762,189,0,754
agent,,"2026-09-20","20",1114,249,0,1113
agent,,"2026-09-20","21",1559,410,0,1557
agent,,"2026-09-20","22",919,223,0,919
agent,,"2026-09-20","23",461,96,0,460
agent,,"2026-09-21","00",132,38,0,129
agent,,"2026-09-21","01",22,14,0,22
agent,,"2026-09-21","13",76,34,0,48
agent,,"2026-09-21","14",637,154,0,616
agent,,"2026-09-21","15",1205,244,0,1188
agent,,"2026-09-21","16",1105,242,0,1092
agent,,"2026-09-21","17",1284,355,0,1255
agent,,"2026-09-21","18",746,249,0,728
agent,,"2026-09-21","19",785,153,0,785
agent,,"2026-09-21","20",1702,490,0,1685
agent,,"2026-09-21","21",1993,506,0,1983
agent,,"2026-09-21","22",1432,441,0,1424
agent,,"2026-09-21","23",1274,329,0,1263
agent,,"2026-09-22","00",1422,357,0,1415
agent,,"2026-09-22","01",564,177,0,564
agent,,"2026-09-22","02",639,190,0,639
agent,,"2026-09-22","03",430,112,0,430
agent,,"2026-09-22","04",24,6,0,24
agent,,"2026-09-22","13",42,23,0,26
agent,,"2026-09-22","14",471,148,0,435
agent,,"2026-09-22","15",711,165,0,691
agent,,"2026-09-22","16",1302,365,0,1242
agent,,"2026-09-22","17",1371,273,0,1365
agent,,"2026-09-22","18",1100,336,0,1070
agent,,"2026-09-22","19",658,233,0,636
agent,,"2026-09-22","20",982,203,0,972
agent,,"2026-09-22","21",1437,312,0,1434
agent,,"2026-09-22","22",1135,231,0,1118
agent,,"2026-09-22","23",701,179,0,676
agent,,"2026-09-23","00",543,143,0,519
agent,,"2026-09-23","01",273,85,0,273
agent,,"2026-09-23","02",310,53,0,310
agent,,"2026-09-23","03",208,63,0,208
agent,,"2026-09-23","04",5,5,0,5
agent,,"2026-09-23","13",76,50,0,33
agent,,"2026-09-23","14",143,80,0,74
